Тираж;Дата;Шар 1;Шар 2;Шар 3;Шар 4;Шар 5;Шар 6;6 чисел угадали;Выигрыш;5 чисел угадали;Выигрыш;4 числа угадали;Выигрыш;3 числа угадали;Выигрыш;Джек-пот;Призовой фонд
1;11.12.2014;1;45;47;34;25;43;0;0;0;0;1;9956500;28;20000,00;3425320,00;32453400,00
2;13.12.2014;17;15;33;6;31;11;0;0;0;0;0;0;33;20000,00;10629400,00;9045900,00
3;16.12.2014;29;37;22;26;39;6;0;0;0;0;0;0;17;20000,00;19559000,00;1825500,00
4;18.12.2014;6;41;18;17;9;48;0;0;0;0;2;2426550;30;20000,00;29097700,00;9088650,00
5;20.12.2014;16;29;23;44;27;37;0;0;0;0;0;0;13;20000,00;32562200,00;8661150,00
6;23.12.2014;11;47;31;32;49;39;0;0;0;0;0;0;18;20000,00;40973700,00;8686800,00
7;25.12.2014;17;29;11;32;43;37;0;0;0;0;3;1266250;15;20000,00;48558300,00;6831450,00
8;27.12.2014;9;18;47;6;14;34;0;0;0;0;3;1321150;16;20000,00;51414000,00;7139250,00
9;30.12.2014;5;40;4;43;46;9;0;0;0;0;0;0;11;20000,00;54560600,00;7866000,00
10;01.01.2015;5;24;32;44;1;10;0;0;0;0;0;0;10;20000,00;61074600,00;5035950,00
11;03.01.2015;47;23;20;32;18;43;0;0;0;0;1;2935950;13;20000,00;66026900,00;5326650,00
12;06.01.2015;45;33;1;14;2;31;0;0;0;0;0;0;18;20000,00;69176700,00;7874550,00
13;08.01.2015;34;6;17;7;42;37;0;0;0;0;0;0;17;20000,00;76321900,00;6951150,00
14;10.01.2015;47;35;41;2;18;22;0;0;0;0;3;1325800;23;20000,00;83110900,00;7395750,00
15;13.01.2015;7;5;40;32;1;37;0;0;0;0;0;0;21;20000,00;86530900,00;8550000,00
16;15.01.2015;47;44;30;3;36;31;0;0;0;0;0;0;17;20000,00;93939300,00;6745950,00
17;17.01.2015;49;17;1;40;8;36;0;0;0;0;1;3456700;18;20000,00;100191000,00;6361200,00
18;20.01.2015;16;43;34;47;31;12;0;0;0;0;1;3738400;27;20000,00;103044000,00;7130700,00
19;22.01.2015;5;22;2;32;29;10;0;0;0;0;1;3840350;6;20000,00;105684000,00;6600600,00
20;24.01.2015;7;28;30;46;41;4;0;0;0;0;1;3761450;22;20000,00;108485000,00;7002450,00
21;27.01.2015;43;17;23;9;26;30;0;0;0;0;1;3875800;15;20000,00;111269000,00;6959700,00
22;29.01.2015;11;8;33;12;20;46;0;0;0;0;2;1814250;13;20000,00;113861000,00;6480900,00
23;31.01.2015;1;36;7;12;3;38;0;0;0;0;1;3304800;12;20000,00;116224000,00;5908050,00
24;03.02.2015;26;45;16;28;24;38;0;0;0;0;0;0;16;20000,00;118810000,00;6463800,00
25;05.02.2015;12;8;11;46;49;24;0;0;0;0;0;0;14;20000,00;124677000,00;5771250,00
26;07.02.2015;6;5;8;4;21;15;0;0;0;0;4;943900;10;20000,00;130510000,00;6626250,00
27;10.02.2015;15;7;33;20;29;5;0;0;0;0;1;3522850;17;20000,00;133085000,00;6438150,00
28;12.02.2015;20;48;39;40;45;22;0;0;0;0;1;3294550;12;20000,00;135442000,00;5890950,00
29;14.02.2015;34;27;32;11;6;17;0;0;1;1723950;1;1723950;11;20000,00;137887000,00;6113250,00
30;17.02.2015;14;23;44;16;17;35;0;0;0;0;0;0;12;20000,00;140425000,00;6344100,00
31;19.02.2015;43;12;30;40;5;27;0;0;0;0;2;1471800;8;20000,00;146060000,00;5172750,00
32;21.02.2015;30;34;9;35;25;4;0;0;0;0;1;3209400;16;20000,00;148413000,00;5882400,00
33;24.02.2015;33;9;45;3;10;29;0;0;0;0;0;0;10;20000,00;150599000,00;5463450,00
34;26.02.2015;6;1;37;39;4;33;0;0;0;0;0;0;12;20000,00;155596000,00;4796550,00
35;28.02.2015;25;24;14;20;7;19;0;0;0;0;1;2907700;8;20000,00;160279000,00;5112900,00
36;03.03.2015;37;19;7;3;48;41;0;0;0;0;1;2788300;25;20000,00;162471000,00;5480550,00
37;05.03.2015;35;47;34;33;10;19;0;0;0;0;1;2436300;9;20000,00;164215000,00;4360500,00
38;07.03.2015;42;15;24;45;33;29;0;0;0;0;1;3063200;11;20000,00;166404000,00;5472000,00
39;10.03.2015;37;21;45;23;9;7;0;0;0;0;0;0;10;20000,00;168254000,00;4625550,00
40;12.03.2015;41;30;46;26;36;28;0;0;0;0;1;2861050;7;20000,00;172830000,00;5001750,00
41;14.03.2015;32;15;30;14;17;21;0;0;0;0;0;0;12;20000,00;174862000,00;5078700,00
42;17.03.2015;49;20;33;21;18;14;0;0;0;0;0;0;16;20000,00;179625000,00;4890600,00
43;19.03.2015;12;40;27;37;28;21;0;0;0;0;1;2761050;12;20000,00;184240000,00;5001750,00
44;21.03.2015;39;28;27;16;40;9;0;0;0;0;1;3487950;9;20000,00;186686000,00;6113250,00
45;24.03.2015;16;2;9;12;41;22;0;0;0;0;0;0;18;20000,00;189042000,00;5890950,00
46;26.03.2015;25;16;41;18;7;12;0;0;0;0;0;0;17;20000,00;194357000,00;5352300,00
47;28.03.2015;20;17;29;40;33;10;0;0;0;0;1;2922650;17;20000,00;199404000,00;5437800,00
48;31.03.2015;46;38;45;40;11;10;0;0;0;0;0;0;8;20000,00;201781000,00;5942250,00
49;02.04.2015;23;2;32;18;13;10;0;0;0;0;1;3279700;13;20000,00;207546000,00;5899500,00
50;04.04.2015;3;8;20;24;14;30;0;0;0;0;1;3188900;16;20000,00;209885000,00;5848200,00
51;07.04.2015;24;17;16;7;44;31;0;0;0;0;0;0;16;20000,00;212245000,00;5899500,00
52;09.04.2015;29;16;27;36;39;46;0;0;0;0;0;0;11;20000,00;217855000,00;5976450,00
53;11.04.2015;21;42;37;24;33;31;0;0;0;0;1;3765450;10;20000,00;223865000,00;6609150,00
54;14.04.2015;30;26;13;44;46;7;0;0;0;0;1;3174400;9;25000,00;226131000,00;5665800,00
55;16.04.2015;24;37;10;8;21;48;0;0;0;0;1;2816600;11;25000,00;228192000,00;5152800,00
56;18.04.2015;11;14;18;43;19;38;0;0;0;0;0;0;6;25000,00;230354000,00;5403600,00
57;21.04.2015;49;7;38;22;23;8;0;0;0;0;0;0;3;25000,00;235202000,00;4389000,00
58;23.04.2015;13;7;32;22;5;4;0;0;0;0;1;2512800;4;25000,00;239502000,00;4354800,00
59;25.04.2015;28;40;25;29;9;27;0;0;0;0;1;2615700;7;25000,00;241362000,00;4651200,00
60;28.04.2015;7;40;47;5;26;10;0;0;0;0;0;0;13;25000,00;243451000,00;5221200,00
61;30.04.2015;17;47;41;15;13;33;0;0;0;0;2;1276900;4;25000,00;248028000,00;4423200,00
62;02.05.2015;34;9;35;28;31;12;0;0;0;0;1;2239000;1;25000,00;249538000,00;3773400,00
63;05.05.2015;33;34;8;2;5;40;0;0;0;0;1;2889500;10;25000,00;251631000,00;5232600,00
64;07.05.2015;4;32;45;40;22;35;0;0;0;0;0;0;7;25000,00;253218000,00;3697200,00
65;09.05.2015;9;19;1;26;14;31;0;0;0;0;0;0;11;25000,00;257279000,00;4639800,00
66;12.05.2015;19;38;42;34;14;44;0;0;0;0;0;0;7;25000,00;261945000,00;5392200,00
67;14.05.2015;2;27;35;5;3;40;0;0;0;0;0;0;5;25000,00;266888000,00;4708200,00
68;16.05.2015;8;34;45;14;20;13;0;0;0;0;0;0;7;25000,00;271412000,00;4560000,00
69;19.05.2015;7;29;33;18;37;25;0;0;0;0;0;0;14;25000,00;275788000,00;4537200,00
70;21.05.2015;25;23;16;27;29;44;0;0;0;0;0;0;9;25000,00;280190000,00;5073000,00
71;23.05.2015;6;34;11;26;45;10;0;0;0;0;1;2529100;8;25000,00;284828000,00;4548600,00
72;26.05.2015;25;11;42;18;47;9;0;0;0;0;0;0;9;25000,00;286752000,00;4810800,00
73;28.05.2015;12;33;41;34;2;29;0;0;0;0;0;0;7;25000,00;291010000,00;3990000,00
74;30.05.2015;12;17;24;37;9;5;0;0;0;0;1;1950300;12;25000,00;294729000,00;3750600,00
75;02.06.2015;25;35;20;32;21;27;0;0;0;0;0;0;5;25000,00;296489000,00;4400400,00
76;04.06.2015;30;3;23;5;2;13;0;0;0;0;0;0;10;25000,00;300441000,00;3591000,00
77;06.06.2015;7;21;28;45;34;13;0;0;0;0;0;0;10;25000,00;303896000,00;3876000,00
78;09.06.2015;17;10;16;7;47;40;0;0;0;0;0;0;10;25000,00;307695000,00;4309200,00
79;11.06.2015;45;49;33;29;21;16;0;0;0;0;1;2232900;10;25000,00;311686000,00;4138200,00
80;13.06.2015;29;38;10;23;5;20;0;0;0;0;1;2193700;5;25000,00;313232000,00;3864600,00
81;16.06.2015;21;2;26;34;18;8;0;0;0;0;1;2526800;7;25000,00;315033000,00;4503000,00
82;18.06.2015;41;47;27;34;6;23;0;0;0;0;1;2741200;8;25000,00;316994000,00;4902000,00
83;20.06.2015;46;29;37;42;26;43;0;0;0;0;2;1368200;6;25000,00;318918000,00;4810800,00
84;23.06.2015;39;5;45;31;34;47;0;0;0;0;0;0;9;25000,00;320660000,00;4354800,00
85;25.06.2015;33;1;47;46;16;44;0;0;0;0;0;0;3;25000,00;324803000,00;4389000,00
86;27.06.2015;42;30;5;49;10;31;0;0;0;0;0;0;3;25000,00;328972000,00;4024200,00
87;30.06.2015;16;17;9;31;29;44;0;0;0;0;0;0;12;25000,00;333176000,00;4662600,00
88;02.07.2015;4;29;2;42;21;10;0;0;0;0;1;2057200;8;25000,00;337178000,00;3762000,00
89;04.07.2015;31;36;38;30;5;28;0;0;0;0;0;0;5;25000,00;338437000,00;3146400,00
90;07.07.2015;18;26;39;46;47;25;0;0;0;0;0;0;3;25000,00;341796000,00;3990000,00
91;09.07.2015;28;15;44;41;34;22;0;0;0;0;0;0;2;25000,00;345807000,00;4229400,00
92;11.07.2015;4;19;12;28;18;33;0;0;0;0;0;0;10;25000,00;350095000,00;4503000,00
93;14.07.2015;13;42;36;31;25;28;0;0;0;0;1;2802500;5;25000,00;354499000,00;4879200,00
94;16.07.2015;4;23;41;2;1;38;0;0;0;0;1;2410500;7;25000,00;356223000,00;4309200,00
95;18.07.2015;32;25;45;2;47;4;0;0;0;0;0;0;7;25000,00;357709000,00;3716400,00
96;21.07.2015;48;32;25;2;14;38;0;0;0;0;0;0;4;25000,00;361638000,00;4685400,00
97;23.07.2015;42;38;13;9;34;37;0;0;0;0;0;0;5;25000,00;365909000,00;3898800,00
98;25.07.2015;11;20;3;33;34;23;0;0;0;0;1;2227900;5;25000,00;369692000,00;3921600,00
99;28.07.2015;45;22;36;20;13;41;0;0;0;0;0;0;1;25000,00;371192000,00;3750600,00
100;30.07.2015;44;9;26;22;47;5;0;0;0;0;1;2353600;9;25000,00;375137000,00;4297800,00
101;01.08.2015;24;35;47;32;42;34;0;0;0;0;0;0;3;25000,00;376788000,00;4126800,00
102;04.08.2015;34;27;23;26;32;11;0;0;0;0;1;2273900;10;25000,00;380871000,00;4206600,00
103;06.08.2015;10;33;32;12;3;19;0;0;0;0;0;0;6;25000,00;382549000,00;4195200,00
104;08.08.2015;12;20;8;49;27;7;0;0;0;0;1;1987100;16;25000,00;386508000,00;3978600,00
105;11.08.2015;46;39;40;29;36;19;0;0;0;0;0;0;7;25000,00;388191000,00;4206600,00
106;13.08.2015;3;25;39;6;47;40;0;0;0;0;0;0;11;25000,00;392181000,00;4104000,00
107;15.08.2015;29;28;46;16;37;12;0;0;0;0;0;0;8;25000,00;395878000,00;3773400,00
108;18.08.2015;22;5;21;8;26;38;0;0;0;0;0;0;7;25000,00;399511000,00;3921600,00
109;20.08.2015;19;6;26;9;47;42;0;0;0;0;0;0;5;25000,00;403353000,00;4161000,00
110;22.08.2015;2;19;25;28;10;35;0;0;0;0;0;0;8;25000,00;407298000,00;3933000,00
111;25.08.2015;17;49;44;22;29;33;0;0;0;0;0;0;6;25000,00;411095000,00;4092600,00
112;27.08.2015;22;7;26;48;12;43;0;0;0;0;1;2157600;10;25000,00;415005000,00;4012800,00
113;29.08.2015;19;37;20;44;28;1;0;0;0;0;0;0;5;25000,00;416706000,00;4252200,00
114;01.09.2015;18;49;34;3;26;47;0;0;0;0;1;2159500;5;25000,00;420656000,00;3807600,00
115;03.09.2015;26;21;19;13;8;16;0;0;0;0;0;0;10;25000,00;422165000,00;3773400,00
116;05.09.2015;17;31;2;29;44;28;0;0;0;0;0;0;6;25000,00;425771000,00;6980000,00
117;08.09.2015;11;37;22;3;13;12;0;0;0;0;0;0;10;25000,00;429795000,00;4468800,00
118;10.09.2015;28;20;14;44;9;39;0;0;0;0;0;0;10;25000,00;433932000,00;4263600,00
119;12.09.2015;20;16;14;6;24;1;0;0;0;0;2;1177900;7;25000,00;437927000,00;4218000,00
120;15.09.2015;36;7;15;39;19;42;0;0;0;0;1;2406000;8;25000,00;439665000,00;4343400,00
121;17.09.2015;23;31;32;36;8;1;0;0;0;0;0;0;1;25000,00;441420000,00;4389000,00
122;19.09.2015;20;16;47;48;45;24;0;0;0;0;0;0;5;25000,00;445853000,00;4560000,00
123;22.09.2015;45;27;11;6;19;43;0;0;0;0;0;0;8;25000,00;450283000,00;4548600,00
124;24.09.2015;4;22;19;13;9;48;0;0;0;0;1;2478600;4;25000,00;454531000,00;4297800,00
125;26.09.2015;8;3;44;33;46;11;0;0;0;0;2;1150400;4;25000,00;456132000,00;4001400,00
126;29.09.2015;38;3;42;26;24;41;0;0;0;0;1;2777700;9;25000,00;458134000,00;5004600,00
127;01.10.2015;2;38;48;8;40;1;0;0;0;0;0;0;7;25000,00;460026000,00;4731000,00
128;03.10.2015;30;15;38;6;43;40;0;0;0;0;0;0;1;25000,00;464145000,00;3636600,00
129;06.10.2015;3;18;28;34;37;13;0;0;0;0;1;2718300;7;25000,00;468230000,00;4822200,00
130;08.10.2015;49;12;35;44;13;16;0;0;0;0;0;0;3;25000,00;469831000,00;4001400,00
131;10.10.2015;19;31;29;44;21;30;0;0;0;0;2;1199400;5;25000,00;473840000,00;4206600,00
132;13.10.2015;4;25;24;17;45;42;0;0;0;0;0;0;15;25000,00;476580000,00;6851400,00
133;15.10.2015;12;37;9;29;8;26;0;0;0;0;0;0;13;25000,00;482934000,00;6543600,00
134;17.10.2015;25;3;23;45;6;5;0;0;0;0;1;3655600;10;25000,00;489138000,00;6509400,00
135;20.10.2015;16;10;2;44;36;30;0;0;0;0;1;4255400;12;25000,00;492175000,00;7592400,00
136;22.10.2015;42;46;6;2;29;9;0;0;0;0;0;0;15;25000,00;494889000,00;6783000,00
137;24.10.2015;43;44;16;17;24;1;0;0;0;0;0;0;11;25000,00;501452000,00;7170600,00
138;27.10.2015;31;25;10;9;5;35;0;0;0;0;0;0;14;25000,00;508767000,00;8219400,00
139;29.10.2015;16;7;19;8;45;37;0;0;0;0;1;3729000;15;25000,00;516119000,00;6840000,00
140;31.10.2015;19;32;25;12;28;38;0;0;0;0;0;0;6;25000,00;518750000,00;6577800,00
141;03.11.2015;3;26;31;36;2;39;0;0;0;0;3;1376500;8;25000,00;525433000,00;7216200,00
142;05.11.2015;30;37;8;2;3;16;0;0;0;0;0;0;12;25000,00;528712000,00;8196600,00
143;07.11.2015;44;12;21;33;9;2;0;0;0;0;0;0;17;25000,00;536353000,00;7558200,00
144;10.11.2015;12;45;44;15;4;10;0;0;0;0;0;0;17;25000,00;543655000,00;7980000,00
145;12.11.2015;24;44;21;17;30;8;0;0;0;0;1;3777100;18;25000,00;550836000,00;7045200,00
146;14.11.2015;47;48;37;29;22;13;0;0;1;2373900;1;2373900;12;25000,00;554201000,00;8413200,00
147;17.11.2015;12;1;2;43;11;20;0;0;1;2318000;2;1159000;11;25000,00;557476000,00;8185200,00
148;19.11.2015;49;19;47;37;29;27;0;0;0;0;2;2109500;14;25000,00;560522000,00;7615200,00
149;21.11.2015;39;16;26;27;21;37;0;0;0;0;0;0;8;25000,00;563440000,00;7296000,00
150;24.11.2015;6;12;2;11;16;44;0;0;0;0;3;1458900;20;25000,00;570869000,00;8128200,00
151;26.11.2015;24;2;40;3;6;14;0;0;0;0;1;4610600;6;25000,00;574,00;7,00
152;28.11.2015;33;47;14;7;20;30;0;0;0;0;1;4357800;9;25000,00;577098000,00;7638000,00
153;01.12.2015;28;20;40;5;13;4;0;0;0;0;0;0;10;25000,00;580240000,00;7854600,00
154;03.12.2015;11;49;36;19;32;8;0;0;0;0;1;3806300;13;25000,00;587457000,00;6885600,00
155;05.12.2015;47;41;44;36;9;13;0;0;0;0;1;3963400;10;25000,00;590266000,00;7022400,00
156;08.12.2015;48;8;45;30;44;39;0;0;0;0;1;4640800;13;25000,00;593577000,00;8276400,00
157;10.12.2015;11;9;46;36;7;34;0;0;0;0;0;0;9;25000,00;596550000,00;7432800,00
158;12.12.2015;29;16;15;30;40;5;0;0;0;0;0;0;7;25000,00;604255000,00;8675400,00
159;15.12.2015;31;24;1;4;6;27;0;0;0;0;0;0;9;25000,00;621071000,00;8025600,00
160;17.12.2015;7;2;40;48;24;3;0;0;0;0;2;2257600;12;25000,00;621071000,00;8025600,00
161;19.12.2015;40;43;36;41;9;2;0;0;0;0;0;0;23;25000,00;625581000,00;11247600,00
162;22.12.2015;36;43;9;42;29;33;0;0;0;0;0;0;14;25000,00;636627000,00;12141000,00
163;24.12.2015;1;33;8;15;25;20;0;0;0;0;2;3306600;17;25000,00;648254000,00;11730600,00
164;26.12.2015;36;35;33;20;19;25;0;0;0;0;0;0;14;25000,00;652477000,00;10556400,00
165;29.12.2015;16;7;15;26;39;24;0;0;0;0;1;6937900;27;25000,00;663536000,00;12688200,00
166;31.12.2015;39;22;30;7;33;11;0;0;0;0;1;7931300;19;25000,00;669140000,00;14010600,00
167;02.01.2016;32;48;17;38;22;39;0;0;0;0;0;0;14;25000,00;672209000,00;7672200,00
168;05.01.2016;3;22;34;2;7;28;0;0;0;0;1;5631000;21;25000,00;680567000,00;10260000,00
169;07.01.2016;28;38;6;46;13;20;0;0;0;0;2;3170900;15;25000,00;685044000,00;11194800,00
170;09.01.2016;42;47;40;14;43;13;0;0;0;0;2;3462400;7;25000,00;689778000,00;11833200,00
171;12.01.2016;23;45;1;42;35;39;0;0;0;0;1;7770700;6;25000,00;695058000,00;13201200,00
172;14.01.2016;15;43;26;37;29;21;0;0;0;0;0;0;14;25000,00;700015000,00;12391800,00
173;16.01.2016;29;39;26;16;9;33;0;0;0;0;1;6634100;20;25000,00;711856000,00;11890200,00
174;19.01.2016;28;22;23;27;21;11;0;0;0;0;3;3267800;21;25000,00;718742000,00;17214000,00
175;21.01.2016;10;46;5;17;11;49;0;0;0;0;2;3764900;17;25000,00;724045000,00;13258200,00
176;23.01.2016;21;44;46;1;28;12;0;0;0;0;1;8243800;21;25000,00;729891000,00;14614800,00
177;26.01.2016;1;41;30;12;26;35;0;0;0;0;1;9041500;17;25000,00;736202000,00;15777600,00
178;28.01.2016;34;13;20;14;11;10;0;0;0;0;1;8218800;22;25000,00;742048000,00;14614800,00
179;30.01.2016;20;1;48;15;49;44;0;0;0;0;0;0;8;25000,00;748145000,00;15241800,00
180;02.02.2016;25;19;37;41;49;32;0;0;0;0;1;10424400;32;25000,00;764573000,00;18707400,00
181;04.02.2016;38;41;42;46;2;27;0;0;0;0;1;8834000;16;25000,00;770729000,00;15390000,00
182;06.02.2016;18;24;37;44;43;31;0;0;0;0;4;2369100;39;25000,00;777697000,00;17419200,00
183;09.02.2016;40;46;10;4;20;23;0;0;0;0;2;5125600;34;25000,00;785098000,00;18502200,00
184;11.02.2016;27;14;33;22;24;48;0;0;0;0;2;4836700;21;25000,00;791897000,00;16997400,00
185;13.02.2016;46;49;45;17;21;23;0;0;0;0;0;0;32;25000,00;799517000,00;19049400,00
186;16.02.2016;38;25;13;21;5;4;0;0;1;5552900;1;5552900;28;25000,00;818017000,00;19676400,00
187;18.02.2016;9;26;23;32;49;25;0;0;0;0;1;10125300;27;25000,00;825217000,00;10000600,00
188;20.02.2016;29;32;27;2;48;3;0;0;0;0;1;11012200;26;25000,00;832992000,00;19437000,00
189;23.02.2016;9;2;46;29;1;13;0;0;0;0;3;4124700;38;25000,00;841875000,00;22207200,00
190;25.02.2016;47;49;43;14;8;26;0;0;0;0;1;10031200;19;25000,00;848879000,00;17510400,00
191;27.02.2016;13;22;29;35;4;38;0;0;0;0;3;3755000;26;25000,00;856823000,00;19858800,00
192;01.03.2016;37;28;30;14;26;6;0;0;0;0;3;3917800;30;25000,00;865159000,00;20839200,00
193;03.03.2016;25;11;32;5;31;27;0;0;0;0;2;5360700;39;25000,00;872957000,00;19494000,00
194;05.03.2016;33;35;31;9;46;37;0;0;0;0;5;2421300;29;25000,00;881511000,00;21386400,00
195;08.03.2016;23;10;30;33;20;27;0;0;0;0;1;10676100;43;25000,00;889346000,00;19585200,00
196;10.03.2016;22;17;44;47;7;37;0;0;0;0;4;2678400;27;25000,00;896938000,00;18981000,00
197;12.03.2016;48;45;27;23;20;35;0;0;0;0;3;4050000;27;25000,00;905488000,00;37500000,00
198;15.03.2016;29;25;21;14;16;30;0;0;0;0;4;2990400;40;25000,00;914129000,00;21603000,00
199;17.03.2016;8;4;6;19;5;41;0;0;0;0;1;11061000;38;25000,00;922137000,00;20018400,00
200;19.03.2016;37;38;20;26;18;46;0;0;0;0;0;0;36;25000,00;930778000,00;21603000,00
201;22.03.2016;19;47;45;2;35;27;0;0;0;0;0;0;39;25000,00;951855000,00;22537800,00
202;24.03.2016;23;4;39;24;47;38;0;0;0;0;2;5677200;29;25000,00;972456000,00;20132400,00
203;26.03.2016;41;24;13;40;6;23;0;0;0;0;0;0;34;25000,00;980809000,00;20884800,00
204;29.03.2016;23;3;42;44;30;28;0;0;0;0;1;12706600;31;25000,00;1001480000,00;22469400,00
205;31.03.2016;38;15;26;42;34;25;0;0;0;0;0;0;23;25000,00;1010570000,00;22720200,00
206;02.04.2016;38;13;49;28;45;29;0;0;0;0;5;3166600;40;25000,00;1034850000,00;28055400,00
207;05.04.2016;49;2;26;1;32;34;0;0;0;0;0;0;36;25000,00;1047050000,00;30517800,00
208;07.04.2016;41;38;36;6;23;13;0;0;0;0;2;6746000;45;25000,00;1074210000,00;24361800,00
209;09.04.2016;49;15;30;36;19;32;0;0;0;0;1;15296800;33;25000,00;1084960000,00;26869800,00
210;12.04.2016;27;20;18;5;15;32;0;0;0;0;1;15926600;39;25000,00;1096220000,00;28169400,00
211;14.04.2016;17;23;21;12;43;44;0;0;0;0;2;8041800;36;25000,00;1107550000,00;28306200,00
212;16.04.2016;4;42;27;37;23;43;0;0;0;0;0;0;45;25000,00;1118020000,00;26174400,00
213;19.04.2016;34;46;23;7;27;19;0;0;0;0;4;4393100;67;25000,00;1145430000,00;32079600,00
214;21.04.2016;16;21;14;34;4;40;0;0;0;0;3;6078300;52;25000,00;1158450000,00;32558400,00
215;23.04.2016;9;22;40;31;35;39;0;0;0;0;2;8223800;54;25000,00;1170320000,00;29662800,00
216;26.04.2016;21;29;10;45;34;39;0;0;0;0;3;5969500;47;25000,00;1183040000,00;31806000,00
217;28.04.2016;27;35;5;39;49;9;0;0;1;15434400;0;0;42;25000,00;1206300000,00;30666000,00
218;30.04.2016;6;44;47;49;43;45;0;0;0;0;1;17749600;26;25000,00;1206300000,00;30666000,00
219;03.05.2016;27;10;18;19;39;38;0;0;1;8375500;3;2791800;55;25000,00;1218380000,00;30210000,00
220;05.05.2016;12;19;18;34;30;7;0;0;0;0;4;3536500;44;25000,00;1228540000,00;25410600,00
221;07.05.2016;35;2;18;10;7;37;0;0;0;0;1;15622800;32;25000,00;1239490000,00;27371400,00
222;10.05.2016;4;25;34;6;16;32;0;0;1;12446900;0;0;34;25000,00;1248360000,00;22161600,00
223;12.05.2016;32;48;4;7;9;15;0;0;0;0;3;5022300;37;25000,00;1259020000,00;26653200,00
224;14.05.2016;34;1;8;7;28;23;0;0;0;0;2;8459500;48;25000,00;1271100000,00;30198600,00
225;17.05.2016;30;7;20;42;5;38;0;0;0;0;1;16672900;48;25000,00;1283010000,00;29788200,00
226;19.05.2016;36;31;33;20;11;12;0;0;0;0;5;2990500;61;25000,00;1294000000,00;27462600,00
227;21.05.2016;41;22;37;14;24;8;0;0;0;0;1;15900700;57;25000,00;1305550000,00;28876200,00
228;24.05.2016;44;27;48;49;6;9;0;0;0;0;3;5841800;47;25000,00;1318020000,00;31167600,00
229;26.05.2016;24;17;11;15;1;44;0;0;0;0;4;3821100;48;25000,00;1329010000,00;27474000,00
230;28.05.2016;37;1;34;31;26;14;0;0;0;0;3;4853100;22;25000,00;1339080000,00;25182600,00
231;31.05.2016;14;5;28;29;4;48;0;0;0;0;1;14444400;37;25000,00;1349330000,00;25615800,00
232;02.06.2016;28;32;21;24;37;6;0;0;0;0;2;6634100;40;25000,00;1358840000,00;23780400,00
233;04.06.2016;29;43;12;8;41;23;0;0;0;0;1;13489200;38;25000,00;1368460000,00;24065400,00
234;07.06.2016;11;18;22;16;4;29;0;0;0;0;2;8753400;42;25000,00;1380840000,00;30928200,00
235;09.06.2016;13;41;26;19;32;28;0;0;0;0;4;3698600;55;25000,00;1391620000,00;26949600,00
236;11.06.2016;7;13;1;44;3;2;0;0;0;0;5;2803200;44;25000,00;1401690000,00;25194000,00
237;14.06.2016;44;9;4;47;3;7;0;0;0;0;2;7834300;63;25000,00;1413190000,00;28739400,00
238;16.06.2016;35;18;44;3;37;22;0;0;0;0;5;3154700;35;25000,00;1424290000,00;27747600,00
239;18.06.2016;18;6;33;23;25;19;0;0;0;0;4;3761800;49;25000,00;1435140000,00;27120600,00
240;21.06.2016;4;18;17;49;48;16;0;0;0;0;2;8473600;57;25000,00;1447390000,00;30620400,00
241;23.06.2016;20;48;33;18;43;27;0;0;0;0;5;3093600;36;25000,00;1458300000,00;27280200,00
242;25.06.2016;18;2;49;48;6;17;0;0;0;0;5;2688400;47;25000,00;1468040000,00;24361800,00
243;28.06.2016;35;5;12;32;23;3;0;0;0;0;4;4001100;43;25000,00;1479430000,00;28465800,00
244;30.06.2016;11;2;44;28;42;45;0;0;0;0;3;5469200;40;25000,00;1491030000,00;29013000,00
245;02.07.2016;18;17;47;27;36;46;0;0;0;0;1;930,96;35;2,50;149782,00;1697,46
246;05.07.2016;42;5;17;16;20;11;0;0;0;0;4;488,31;57;2,50;151180,00;3492,96
247;07.07.2016;5;27;43;7;25;44;0;0;1;945,72;5;189,14;53;2,50;152529,00;3373,26
248;09.07.2016;39;34;36;43;35;12;0;0;1;969,69;1;969,69;30;2,50;153871,00;3357,00
249;12.07.2016;43;1;34;28;32;33;0;0;0;0;7;427,16;77;2,50;155994,00;5304,42
250;14.07.2016;4;17;28;26;23;35;0;0;0;0;3;703,2;76;2,50;157527,00;3832,68
251;16.07.2016;8;5;48;11;14;15;0;0;0;0;3;687,67;67;2,50;159014,00;3717,54
252;19.07.2016;49;41;1;5;12;19;0;0;0;0;5;480,47;79;2,50;160747,00;4333,14
253;21.07.2016;32;42;48;21;44;25;0;0;0;0;1;2344,4;42;2,50;162380,00;4082,34
254;23.07.2016;29;5;2;46;31;11;0;0;0;0;4;560,94;62;2,50;163979,00;3997,98
255;26.07.2016;36;7;20;10;46;11;0;0;0;0;3;879,12;72;2,50;165858,00;4695,66
256;28.07.2016;9;16;47;45;7;41;0;0;0;0;5;542,59;85;2,50;167808,00;4875,78
257;30.07.2016;10;23;28;13;31;45;0;0;0;0;4;651,9;56;2,50;169640,00;4579,38
258;02.08.2016;36;17;49;26;40;38;0;0;0;0;6;525,15;80;2,50;171874,00;5584,86
259;04.08.2016;13;33;4;17;20;29;0;0;0;0;10;258,99;97;2,50;173762,00;4720,74
260;06.08.2016;2;5;25;46;15;39;0;0;0;0;5;494,92;72;2,50;175532,00;4424,34
261;09.08.2016;16;33;40;20;5;35;0;0;0;0;5;558,86;79;2,50;177526,00;4986,36
262;11.08.2016;40;18;25;24;31;17;0;0;0;0;2;1257,15;75;2,50;179327,00;4503,00
263;13.08.2016;34;15;45;13;5;32;0;0;0;0;3;999,76;78;2,50;181457,00;5323,80
264;16.08.2016;3;41;14;37;19;47;0;0;0;0;7;425,53;104;2,50;183616,00;5397,90
265;18.08.2016;23;42;19;4;10;49;0;0;0;0;3;893,44;83;2,50;185541,00;4813,08
266;20.08.2016;34;5;40;28;23;16;0;0;0;0;2;1392,81;77;2,50;187527,00;4963,56
267;23.08.2016;17;30;14;37;33;28;0;0;0;0;4;759,1;73;2,50;189673,00;5364,84
268;25.08.2016;48;32;28;7;14;6;0;0;0;0;5;562,31;71;2,50;191666,00;4981,80
269;27.08.2016;28;24;45;10;36;32;0;0;0;0;5;530,46;60;2,50;193534,00;4670,58
270;30.08.2016;38;27;42;39;34;16;0;0;0;0;2;1480,94;79;2,50;195640,00;5265,66
271;01.09.2016;26;32;28;8;30;13;0;0;0;0;5;557,44;75;2,50;197623,00;4957,86
272;03.09.2016;26;12;49;32;9;4;0;0;0;0;4;704,8;86;2,50;199646,00;5057,04
273;06.09.2016;26;1;18;43;14;21;0;0;0;0;8;406,78;92;2,50;201969,00;5807,16
274;08.09.2016;10;9;34;13;30;40;0;0;0;0;4;744,7;87;2,50;204100,00;5327,22
275;10.09.2016;35;18;40;22;28;15;0;0;0;0;6;545,77;68;2,50;206396,00;5741,04
276;13.09.2016;2;28;20;10;26;36;0;0;0;0;4;873,81;90;2,50;208877,00;6200,46
277;15.09.2016;21;15;5;45;49;22;0;0;0;0;5;658,62;71;2,50;211190,00;5784,36
278;17.09.2016;41;17;47;19;27;35;0;0;0;0;5;620,6;106;2,50;213436,00;5613,36
279;20.09.2016;49;14;4;22;16;43;0;0;0;0;5;741,46;64;2,50;216014,00;6445,56
280;22.09.2016;45;38;33;31;3;29;0;0;0;0;6;560,63;101;2,50;218425,00;6027,18
281;24.09.2016;19;22;43;15;45;23;0;0;0;0;3;1170,96;72;2,50;220887,00;6154,86
282;27.09.2016;22;43;1;8;9;45;0;0;0;0;4;1009,15;97;2,50;223740,00;7131,84
283;29.09.2016;11;23;48;16;30;33;0;0;0;0;7;539,76;110;2,50;226442,00;6755,64
284;01.10.2016;13;7;49;47;22;19;0;0;0;0;9;391,98;115;2,50;228986,00;6358,92
285;04.10.2016;19;35;24;46;42;27;0;0;0;0;4;1016,32;94;2,50;231852,00;7167,18
286;06.10.2016;6;47;18;31;36;41;0;0;0;0;5;692,52;88;2,50;234308,00;6137,76
287;08.10.2016;28;1;34;31;37;29;0;0;0;0;4;893,88;91;2,50;236843,00;6338,40
288;11.10.2016;11;28;26;1;8;46;0;0;1;2052,44;4;513,11;140;2,50;239813,00;7424,82
289;13.10.2016;16;23;7;30;17;32;0;0;0;0;7;590,73;135;2,50;242795,00;7454,46
290;15.10.2016;30;2;35;49;36;27;0;0;0;0;6;709,11;85;2,50;245773,00;7445,34
291;18.10.2016;49;33;40;9;24;31;0;0;0;0;7;661,46;146;2,50;249103,00;8325,42
292;20.10.2016;17;12;13;29;8;32;0;0;0;0;5;819,22;129;2,50;252049,00;7364,40
293;22.10.2016;3;36;9;37;29;40;0;0;0;0;5;809,25;83;2,50;254885,00;7089,66
294;25.10.2016;32;11;40;45;5;43;0;0;0;0;2;2159,86;120;2,50;257965,00;7699,56
295;27.10.2016;13;9;4;6;32;17;0;0;0;0;8;497,25;156;2,50;260877,00;7280,04
296;29.10.2016;42;27;29;18;34;13;0;0;0;0;8;504,15;106;2,50;263742,00;7163,76
297;01.11.2016;6;27;34;1;12;9;0;0;1;2224,46;9;247,16;137;2,50;266937,00;7985,70
298;03.11.2016;22;17;35;31;34;12;0;0;0;0;8;561,62;121;2,50;270133,00;7992,00
299;05.11.2016;2;3;7;32;46;29;0;0;0;0;7;634,92;147;2,50;273342,00;8019,90
300;08.11.2016;7;18;34;26;5;36;0;0;0;0;8;552,56;121;2,50;276490,00;7871,70
301;10.11.2016;44;3;47;31;23;8;0;0;1;2134,37;4;533,59;130;2,50;279553,00;7656,24
302;12.11.2016;10;43;24;30;35;27;0;0;0;0;7;675,68;139;2,50;282938,00;8462,22
303;15.11.2016;24;19;9;20;35;4;0;0;2;1294,55;8;323,63;158;2,50;286653,00;9288,72
304;17.11.2016;39;27;41;21;16;26;0;0;0;0;7;661,15;134;2,50;289962,00;8271,84
305;19.11.2016;49;30;14;37;23;3;0;0;0;0;4;1212,51;118;2,50;293392,00;8575,08
306;22.11.2016;33;27;17;29;42;34;0;0;0;0;12;471,8;131;2,50;297385,00;9981,84
307;24.11.2016;34;36;15;28;35;44;0;0;0;0;3;1669,83;101;2,50;300893,00;8770,02
308;26.11.2016;5;31;48;49;12;22;0;0;0;0;9;565,02;161;2,50;304552,00;9146,22
309;29.11.2016;23;25;28;11;14;49;0;0;0;0;9;617,66;154;2,50;308514,00;9906,60
310;01.12.2016;13;19;4;2;49;18;0;0;1;2394,38;12;199,53;154;2,50;311963,00;8622,96
311;03.12.2016;32;37;49;14;20;27;0;0;0;0;7;759,15;128;2,50;315720,00;9390,18
312;06.12.2016;46;39;45;20;6;21;0;0;0;0;7;800,72;135;2,50;319681,00;9904,32
313;08.12.2016;13;3;30;9;38;26;0;0;0;0;19;250,85;198;2,50;323189,00;8768,88
314;10.12.2016;4;31;25;37;42;14;0;0;0;0;11;491,28;130;2,50;327009,00;9548,64
315;13.12.2016;45;32;37;38;39;5;0;0;0;0;5;1215,29;147;2,50;331305,00;10739,90
316;15.12.2016;35;25;19;15;48;24;0;0;0;0;11;495,21;139;2,50;335168,00;9658,08
317;17.12.2016;26;21;11;18;7;44;0;0;1;2531,07;14;180,79;211;2,50;338894,00;9316,08
318;20.12.2016;7;49;30;36;21;48;0;0;1;3028,2;5;605,64;120;2,50;343132,00;10594,00
319;22.12.2016;24;46;13;31;1;9;0;0;1;2651,26;10;265,12;192;2,50;346987,00;9637,56
320;24.12.2016;13;46;5;44;29;14;0;0;0;0;6;932,68;149;2,50;350966,00;9947,64
321;27.12.2016;36;29;31;37;20;21;0;0;0;0;6;1037,51;116;2,50;355310,00;10858,50
322;29.12.2016;40;19;24;14;5;2;0;0;1;2877,57;10;287,75;168;2,50;359426,00;10291,90
323;31.12.2016;39;20;32;43;33;2;0;0;0;0;6;1341,67;174;2,50;365083,00;14141,70
324;03.01.2017;18;33;26;6;42;10;0;0;0;0;8;602,72;117;2,50;368493,00;8523,78
325;05.01.2017;48;47;21;43;8;29;0;0;0;0;5;893,76;117;2,50;371667,00;7935,54
326;07.01.2017;7;24;41;9;37;46;0;0;0;0;8;542,92;142;2,50;374799,00;7830,66
327;10.01.2017;30;27;48;4;17;38;0;0;0;0;10;546,16;156;2,50;378700,00;9752,70
328;12.01.2017;6;18;31;33;40;49;0;0;1;2606,18;6;434,36;149;2,50;382423,00;9308,10
329;14.01.2017;30;11;3;33;49;47;0;0;1;2691,05;6;448,5;164;2,50;386285,00;9653,52
330;17.01.2017;23;21;42;43;9;7;0;0;0;0;9;711,3;169;2,50;390834,00;11373,80
331;19.01.2017;42;22;45;27;11;38;0;0;0;0;11;577,89;170;2,50;395356,00;11303,10
332;21.01.2017;30;26;47;15;11;5;0;0;0;0;17;402,95;203;2,50;400261,00;12263,00
333;24.01.2017;17;5;30;20;2;34;0;0;1;3771,87;16;235,74;246;2,50;405700,00;13597,90
334;26.01.2017;3;48;39;15;40;13;0;0;0;0;6;1134,66;160;2,50;410506,00;12013,30
335;28.01.2017;5;3;4;42;36;37;0;0;0;0;5;1399,46;142;2,50;415407,00;12253,90
336;31.01.2017;18;13;2;30;47;38;0;0;1;3458,85;11;314,44;222;2,50;420389,00;12454,50
337;02.02.2017;16;6;49;42;9;33;0;0;1;3178,98;14;227,07;224;2,50;425001,00;11530,00
338;04.02.2017;49;35;45;34;12;28;0;0;1;3319,03;14;237,07;208;2,50;429773,00;11938,10
339;07.02.2017;48;42;3;25;18;20;0;0;0;0;8;862,51;194;2,50;434697,00;12308,60
340;09.02.2017;32;47;19;44;34;30;0;0;0;0;15;451,62;229;2,50;439595,00;12244,70
341;11.02.2017;29;3;25;47;46;8;0;0;0;0;14;537,81;191;2,50;444933,00;13344,80
342;14.02.2017;1;27;33;18;24;36;0;0;1;3836,45;18;213,13;260;2,50;450481,00;13871,50
343;16.02.2017;42;29;5;14;44;2;0;0;0;0;11;609,29;170;2,50;455233,00;11878,80
344;18.02.2017;20;31;24;38;7;15;0;0;0;0;7;993,84;223;2,50;460243,00;12524,00
345;21.02.2017;24;45;36;30;7;13;0;0;2;1842,61;8;460,65;216;2,50;465516,00;13184,10
346;23.02.2017;45;6;28;18;31;20;0;0;0;0;7;1095,74;176;2,50;470923,00;13517,00
347;25.02.2017;39;9;3;8;1;36;0;0;0;0;14;489,73;182;2,50;475797,00;12185,50
348;28.02.2017;31;33;48;7;14;23;0;0;0;0;11;716,39;223;2,50;481423,00;14063,00
349;02.03.2017;44;17;6;2;45;16;0;0;0;0;7;977,25;186;2,50;486293,00;12176,30
350;04.03.2017;28;14;5;39;45;11;0;0;0;0;16;451,9;162;2,50;491384,00;12725,80
351;07.03.2017;41;40;1;45;26;32;0;0;0;0;9;990,91;204;2,50;497669,00;15713,80
352;09.03.2017;41;8;6;33;14;13;0;0;0;0;13;530,49;181;2,50;502568,00;12248,20
353;11.03.2017;17;36;3;28;5;47;0;0;1;3832,61;20;191,63;268;2,50;508125,00;13892,00
354;14.03.2017;12;24;20;11;18;4;0;0;0;0;12;708,32;269;2,50;514240,00;15287,40
355;16.03.2017;31;40;32;41;21;15;0;0;0;0;12;672,13;185;2,50;519926,00;14213,50
356;18.03.2017;44;21;36;34;11;16;0;0;1;4022,13;10;402,21;196;2,50;525615,00;14223,80
357;21.03.2017;28;40;41;7;11;15;0;0;0;0;11;804,12;237;2,50;531907,00;15729,70
358;23.03.2017;34;8;1;24;16;43;0;0;0;0;5;1525,07;189;2,50;537306,00;13496,50
359;25.03.2017;7;13;20;15;18;5;0;0;0;0;12;637,71;261;2,50;542843,00;13841,90
360;28.03.2017;27;48;13;9;42;19;0;0;1;4028,41;19;212,02;284;2,50;548687,00;14611,40
361;30.03.2017;24;34;32;47;33;21;0;0;0;0;3;2537,42;206;2,50;554106,00;13545,50
362;01.04.2017;28;46;32;19;9;1;0;0;1;3672,17;11;333,83;201;2,50;559337,00;13078,10
363;04.04.2017;44;13;43;10;45;19;0;0;0;0;5;1615;190;2,50;565037,00;14250,00
364;06.04.2017;41;3;19;42;10;27;0;0;0;0;7;1030,66;211;2,50;570198,00;12903,70
365;08.04.2017;44;2;33;5;36;27;0;0;0;0;15;521,99;227;2,50;575797,00;13995,80
366;11.04.2017;8;40;23;44;1;13;0;0;0;0;8;1065,49;226;2,50;581856,00;15148,30
367;13.04.2017;6;1;26;11;31;28;0;0;1;3913,61;13;301,04;227;2,50;587453,00;13991,20
368;15.04.2017;48;19;49;20;24;1;0;0;0;0;9;967,71;212;2,50;593612,00;15399,10
369;18.04.2017;21;43;13;29;44;35;0;0;0;0;7;1256,69;194;2,50;599800,00;15469,80
370;20.04.2017;21;30;35;10;33;8;0;0;0;0;14;603,14;200;2,50;605763,00;14906,60
371;22.04.2017;34;1;42;7;38;2;0;0;0;0;8;1092,44;183;2,50;611895,00;15328,40
372;25.04.2017;24;47;32;8;31;10;0;0;0;0;9;899,56;233;2,50;617680,00;14464,30
373;27.04.2017;16;27;31;30;5;40;0;0;1;4112,89;10;411,28;258;2,50;623594,00;14784,70
374;29.04.2017;24;2;43;46;33;45;0;0;0;0;11;781,49;214;2,50;629682,00;15219,00
375;02.05.2017;48;8;41;36;23;6;0;0;0;0;7;1160,15;220;2,50;635463,00;14451,80
376;04.05.2017;38;30;6;5;41;31;0;0;0;0;12;623;185;2,50;640755,00;13230,80
377;06.05.2017;3;5;1;28;44;21;0;0;0;0;17;463,39;235;2,50;646398,00;14108,50
378;09.05.2017;29;13;22;5;37;23;0;0;0;0;7;1048,51;210;2,50;651642,00;13107,70
379;11.05.2017;40;49;32;11;42;27;0;0;0;0;12;627,5;217;2,50;657023,00;13454,30
380;13.05.2017;7;41;5;21;36;26;0;0;0;0;19;424,15;203;2,50;662734,00;14277,40
381;16.05.2017;40;29;30;38;43;32;0;0;0;0;10;875,46;131;2,50;668789,00;15136,90
382;18.05.2017;39;41;5;45;2;44;0;0;0;0;8;922,78;208;2,50;674058,00;13170,40
383;20.05.2017;41;17;44;7;32;36;0;0;1;3614,15;12;301,17;231;2,50;679261,00;13009,70
384;23.05.2017;26;21;16;35;11;34;0;0;1;4177,55;11;379,77;290;2,50;685315,00;15133,50
385;25.05.2017;29;20;9;22;6;12;0;0;1;3943,25;10;394,32;255;2,50;690998,00;14206,70
386;27.05.2017;26;4;27;30;3;5;0;0;0;0;17;464,65;268;2,50;696710,00;14281,90
387;30.05.2017;14;39;10;9;18;25;0;0;1;4200,81;24;175,03;348;2,50;702892,00;15452,70
388;01.06.2017;9;3;27;48;29;15;0;0;0;0;6;1279,37;190;2,50;708326,00;13585,40
389;03.06.2017;43;28;14;3;35;39;0;0;0;0;9;916;170;2,50;714105,00;14448,40
390;06.06.2017;17;42;26;41;24;8;0;0;0;0;14;626,32;251;2,50;720369,00;15660,20
391;08.06.2017;18;45;46;24;27;42;0;0;0;0;10;807,62;204;2,50;726094,00;14310,40
392;10.06.2017;29;20;4;11;47;41;0;0;0;0;12;655,05;212;2,50;731687,00;13984,40
393;13.06.2017;35;19;44;11;16;18;0;0;0;0;11;851,13;220;2,50;738296,00;16520,90
394;15.06.2017;1;47;40;11;32;17;0;0;2;2046,21;24;170,51;270;2,50;744202,00;14766,40
395;17.06.2017;11;33;6;40;34;39;0;0;0;0;3;2715,26;206;2,50;749977,00;14434,70
396;20.06.2017;9;12;16;23;31;18;0;0;1;4307,12;17;253,36;307;2,50;756231,00;15636,20
397;22.06.2017;20;23;11;13;25;45;0;0;0;0;21;397,29;254;2,50;762216,00;14963,60
398;24.06.2017;37;28;39;14;2;47;0;0;0;0;15;562,79;203;2,50;768183,00;14915,80
399;27.06.2017;20;36;6;23;24;30;0;0;1;4574,21;12;381,18;220;2,50;774649,00;16164,10
400;29.06.2017;14;38;17;15;16;32;0;0;0;0;13;632,23;218;2,50;780491,00;14606,80
401;01.07.2017;7;40;24;9;43;32;0;0;1;4018,94;13;309,14;253;2,50;791801,00;13823,60
402;04.07.2017;31;40;32;11;46;20;0;0;1;3860,84;19;203,2;229;2,50;791801,00;13823,60
403;06.07.2017;32;36;49;23;44;24;0;0;0;0;10;795,07;197;2,50;797430,00;14072,20
404;08.07.2017;25;32;36;24;6;29;0;0;0;0;10;846,89;181;2,50;803378,00;14869,00
405;11.07.2017;28;19;38;29;20;47;0;0;0;0;11;828,87;211;2,50;809808,00;16075,10
406;13.07.2017;38;18;37;23;39;25;0;0;0;0;14;592,71;213;2,50;815695,00;14717,40
407;15.07.2017;48;46;2;30;36;7;0;0;0;0;9;952,31;210;2,50;821759,00;15159,70
408;18.07.2017;47;1;27;28;23;49;0;0;1;4500,74;13;346,21;235;2,50;828152,00;15981,70
409;20.07.2017;47;10;35;38;23;42;0;0;0;0;8;1058,2;199;2,50;834127,00;14938,60
410;22.07.2017;31;47;6;18;38;3;0;0;1;4161,22;15;277,41;227;2,50;840054,00;14816,60
411;25.07.2017;31;26;16;42;10;23;0;0;0;0;14;662,72;245;2,50;846648,00;16484,40
412;27.07.2017;46;32;27;37;41;5;0;0;0;0;20;406,1;256;2,50;852489,00;14603,40
413;29.07.2017;32;42;24;11;30;20;0;0;0;0;18;442,24;206;2,50;858139,00;14125,70
414;01.08.2017;20;40;23;33;27;18;0;0;0;0;22;376,33;253;2,50;864081,00;14853,10
415;03.08.2017;38;47;36;13;41;43;0;0;0;0;11;696,54;173;2,50;869477,00;13490,80
416;05.08.2017;9;14;22;46;1;39;0;0;0;0;6;1310,96;205;2,50;875063,00;13963,90
417;08.08.2017;47;31;48;26;12;18;0;0;1;4332,48;20;216,62;264;2,50;881279,00;15541,60
418;10.08.2017;36;45;29;37;5;34;0;0;0;0;9;904,32;232;2,50;887092,00;14531,60
419;12.08.2017;40;17;33;21;1;8;0;0;0;0;14;573,76;292;2,50;892934,00;14604,50
420;15.08.2017;34;38;24;46;33;16;0;0;0;0;18;501,93;272;2,50;899411,00;16191,40
421;17.08.2017;26;39;8;16;11;44;0;0;1;4125,53;14;294,68;226;2,50;905288,00;14693,50
422;19.08.2017;21;4;2;35;46;48;0;0;0;0;7;1241,53;179;2,50;911380,00;15230,40
423;22.08.2017;28;10;5;13;19;14;0;0;1;4610,12;23;200,44;304;2,50;918034,00;16633,70
424;24.08.2017;44;45;12;29;7;33;0;0;0;0;15;556,93;248;2,50;924016,00;14956,80
425;26.08.2017;22;48;8;40;5;10;0;0;1;4476,26;17;263,3;213;2,50;930340,00;15808,40
426;29.08.2017;43;7;42;4;3;30;0;0;0;0;14;672,84;260;2,50;937053,00;16783,10
427;31.08.2017;32;36;9;6;37;15;0;0;0;0;22;363,13;295;2,50;942871,00;14544,10
428;02.09.2017;24;27;25;40;15;28;0;0;0;0;9;895,42;197;2,50;948572,00;14252,30
429;05.09.2017;27;45;14;2;24;23;0;0;1;4454,82;10;445,48;240;2,50;954912,00;15849,40
430;07.09.2017;41;13;45;28;46;27;0;0;0;0;9;934,29;198;2,50;960848,00;14839,40
431;09.09.2017;12;4;10;44;49;24;0;0;1;4406,87;11;400,62;280;2,50;967190,00;15856,30
432;12.09.2017;46;20;35;6;1;47;0;0;0;0;18;526,45;235;2,50;973900,00;16772,80
433;14.09.2017;44;24;32;34;2;12;0;0;1;4292,8;12;357,73;261;2,50;980058,00;15396,80
434;16.09.2017;15;25;38;22;33;16;0;0;0;0;17;508,91;274;2,50;986283,00;15561,00
435;19.09.2017;41;30;12;3;23;38;0;0;1;4897,37;15;326,49;269;2,50;993261,00;17445,40
436;21.09.2017;13;6;23;12;37;27;0;0;0;0;10;925,34;294;2,50;999920,00;16647,40
437;23.09.2017;29;28;35;40;5;27;0;0;0;0;9;1150,83;251;2,50;1007240,00;18308,40
438;26.09.2017;37;23;44;10;40;25;0;0;1;6200,09;32;193,75;365;2,50;1016120,00;22187,80
439;28.09.2017;3;8;43;14;5;4;0;0;0;0;19;556,41;293;2,50;1023660,00;18840,80
440;30.09.2017;44;23;13;24;17;39;0;0;1;5236,17;19;275,58;381;2,50;1031270,00;19041,40
441;03.10.2017;48;16;36;14;42;17;0;0;0;0;18;632,23;275;2,50;1039320,00;20113,00
442;05.10.2017;47;38;28;13;31;2;0;0;0;0;20;509,93;282;2,50;1046590,00;18172,70
443;07.10.2017;29;38;20;44;32;27;0;0;0;0;16;676,26;287;2,50;1054280,00;19229,50
444;10.10.2017;4;21;35;20;3;22;0;0;1;5819,05;11;529;237;2,50;1062430,00;20384,30
445;12.10.2017;45;22;31;37;39;17;0;0;0;0;14;736,41;263;2,50;1069740,00;18278,80
446;14.10.2017;31;27;37;26;17;16;0;0;0;0;27;424,09;428;2,50;1078090,00;20867,70
447;17.10.2017;25;33;1;7;20;2;0;0;0;0;18;620,33;390;2,50;1086180,00;20235,00
448;19.10.2017;47;42;39;20;2;15;0;0;0;0;11;939,84;207;2,50;1093420,00;18092,90
449;21.10.2017;8;35;29;48;44;24;0;0;1;5523,94;15;368,26;246;2,50;1101200,00;19438,10
450;24.10.2017;36;46;17;31;16;6;0;0;0;0;15;741,19;346;2,50;1109190,00;19971,70
451;26.10.2017;43;25;21;12;46;37;0;0;0;0;14;731,14;249;2,50;1116430,00;18097,50
452;28.10.2017;42;45;19;16;20;21;0;0;0;0;6;1794,15;218;2,50;1123970,00;18849,90
453;31.10.2017;7;19;27;39;9;49;0;0;0;0;28;374,93;427;2,50;1131680,00;19276,30
454;02.11.2017;10;27;24;41;4;6;0;0;1;4713,3;15;314,22;335;2,50;1138520,00;17106,80
455;04.11.2017;8;10;2;38;31;35;0;0;1;5367,63;17;315,74;243;2,50;1146080,00;18904,60
456;07.11.2017;40;49;31;15;32;37;0;0;0;0;11;1022,61;222;2,50;1153950,00;19673,00
457;09.11.2017;21;1;48;46;18;42;0;0;0;0;9;1353,14;271;2,50;1162520,00;21426,30
458;11.11.2017;44;31;45;5;1;19;0;0;0;0;20;701,98;382;2,50;1172520,00;24991,10
459;14.11.2017;3;17;20;44;37;1;0;0;1;7209,81;20;360,49;427;2,50;1182840,00;25811,90
460;16.11.2017;34;17;21;42;30;18;0;0;1;6820,71;23;296,55;393;2,50;1192590,00;24373,20
461;18.11.2017;39;42;48;32;21;44;0;0;0;0;16;889,12;285;2,50;1202550,00;24897,60
462;21.11.2017;2;6;1;39;5;26;0;0;0;0;37;414,78;389;2,50;1213430,00;27199,30
463;23.11.2017;4;24;15;47;3;39;0;0;0;0;13;1012,91;395;2,50;1222870,00;23592,30
464;25.11.2017;25;13;48;4;37;15;0;0;1;6929,82;30;230,99;425;2,50;1232820,00;24870,20
465;28.11.2017;1;35;4;3;7;28;0;0;0;0;34;443,71;510;2,50;1243720,00;27268,80
466;30.11.2017;2;14;34;28;35;47;0;0;0;0;17;752,69;285;2,50;1252730,00;22513,90
467;02.12.2017;29;34;11;44;21;22;0;0;0;0;19;732,74;397;2,50;1262670,00;24857,70
468;05.12.2017;5;2;20;22;13;7;0;0;2;3432,39;24;286,03;552;2,50;1272740,00;25182,60
469;07.12.2017;21;19;41;45;15;29;0;0;0;0;15;865,1;315;2,50;1281920,00;22940,20
470;09.12.2017;45;9;35;5;36;41;0;0;0;0;21;686,56;379;2,50;1292160,00;25609,00
471;12.12.2017;37;30;4;9;27;17;0;0;1;7237,89;33;219,33;549;2,50;1302730,00;26413,80
472;14.12.2017;38;28;27;25;16;23;0;0;1;6890,26;13;530,02;426;2,50;1312630,00;24742,60
473;16.12.2017;9;16;12;36;14;39;0;0;0;0;28;512,4;413;2,50;1322880,00;25632,90
474;19.12.2017;17;30;34;6;14;20;0;0;0;0;25;614,99;437;2,50;1333860,00;27445,50
475;21.12.2017;37;10;19;40;20;49;0;0;0;0;27;508,5;434;2,50;1343740,00;24691,30
476;23.12.2017;18;10;14;33;37;23;0;0;1;7521,55;31;242,63;472;2,50;1354550,00;27038,50
477;26.12.2017;48;4;40;42;35;34;0;0;0;0;20;812,72;269;2,50;1365840,00;28211,60
478;28.12.2017;3;8;31;15;16;21;0;0;1;7358,67;24;306,61;564;2,50;1376590,00;26878,90
479;30.12.2017;17;48;47;9;19;45;0;0;0;0;20;1016,47;561;2,50;1391080,00;36220,10
480;02.01.2018;17;49;28;43;4;21;0;0;2;3611,66;11;656,66;359;2,50;1401300,00;25573,60
481;04.01.2018;10;8;43;26;19;31;0;0;0;0;17;783,45;443;2,50;1410920,00;24043,70
482;06.01.2018;7;22;17;31;21;37;0;0;0;0;26;571,56;563;2,50;1421770,00;27113,80
483;09.01.2018;47;37;38;40;2;27;0;0;0;0;22;694,78;405;2,50;1432630,00;27162,80
484;11.01.2018;43;12;45;7;26;15;0;0;1;6947,84;25;277,91;343;2,50;1442470,00;24588,70
485;13.01.2018;19;22;8;45;23;31;0;0;0;0;17;889,9;445;2,50;1453300,00;27068,20
486;16.01.2018;1;23;7;34;32;21;0;0;0;0;20;755,89;415;2,50;1464070,00;26925,70
487;18.01.2018;8;5;27;44;32;6;0;0;1;6686,95;31;215,7;384;2,50;1473620,00;23889,80
488;20.01.2018;8;34;23;5;33;1;0;0;0;0;19;756,68;406;2,50;1483880,00;25653,40
489;23.01.2018;17;41;11;34;29;22;0;0;0;0;16;921,68;411;2,50;1494400,00;26290,70
490;25.01.2018;40;15;49;45;19;36;0;0;0;0;14;987,75;302;2,50;1504120,00;24305,90
491;27.01.2018;28;38;29;18;34;46;0;0;1;7219,53;22;328,16;350;2,50;1514330,00;25523,50
492;30.01.2018;14;24;38;15;13;45;0;0;0;0;23;665,02;391;2,50;1525180,00;27121,70
493;01.02.2018;42;40;46;28;20;36;0;0;0;0;15;902,98;250;2,50;1534630,00;23616,20
494;03.02.2018;22;27;14;38;19;3;0;0;0;0;18;748,42;433;2,50;1544330,00;24256,90
495;06.02.2018;43;26;14;10;21;42;0;0;0;0;20;713,17;331;2,50;1554390,00;25151,80
496;08.02.2018;36;47;7;18;23;20;0;0;0;0;20;675,85;353;2,50;1563990,00;23999,30
497;10.02.2018;22;36;2;49;28;17;0;0;0;0;20;722,99;348;2,50;1574210,00;25549,70
498;13.02.2018;29;20;9;19;48;47;0;0;0;0;23;649,56;406;2,50;1584850,00;26591,60
499;15.02.2018;15;48;18;21;6;4;0;0;0;0;20;665,1;393;2,50;1594370,00;23807,80
500;17.02.2018;45;30;28;32;23;26;0;0;0;0;17;821,34;335;2,50;1604240,00;24667,30
501;20.02.2018;3;20;36;29;1;14;0;0;0;0;21;727,28;377;2,50;1615050,00;27026,00
502;22.02.2018;27;31;28;4;6;29;0;0;0;0;25;543,35;349;2,50;1624690,00;24093,90
503;24.02.2018;3;23;47;30;19;39;0;0;0;0;29;471,44;447;2,50;1634550,00;24649,10
504;27.02.2018;48;31;39;12;21;35;0;0;0;0;24;585,38;341;2,50;1644480,00;24836,00
505;01.03.2018;19;20;2;28;49;21;0;0;1;6038,05;25;241,52;325;2,50;1653070,00;21481,00
506;03.03.2018;40;34;27;9;16;3;0;0;0;0;31;407,6;386;2,50;1662140,00;22667,80
507;06.03.2018;34;42;44;45;32;23;0;0;0;0;13;1103,04;346;2,50;1672280,00;25341,10
508;08.03.2018;1;32;36;22;8;39;0;0;1;7760,47;26;298,47;381;2,50;1683250,00;27455,80
509;10.03.2018;40;28;43;45;33;9;0;0;0;0;15;885,55;328;2,50;1692660,00;23505,70
510;13.03.2018;13;32;26;14;11;45;0;0;0;0;16;939,19;430;2,50;1703400,00;26836,70
511;15.03.2018;29;38;43;12;49;4;0;0;0;0;18;800,61;289;2,50;1713490,00;25222,50
512;17.03.2018;4;36;15;11;33;37;0;0;0;0;15;1015,79;363;2,50;1724250,00;26907,40
513;20.03.2018;47;44;7;33;5;14;0;0;0;0;25;636,13;454;2,50;1735610,00;28397,40
514;22.03.2018;7;36;45;22;10;14;0;0;0;0;26;564,08;394;2,50;1746040,00;26085,50
515;24.03.2018;36;45;18;12;34;6;0;0;0;0;27;555,71;392;2,50;1756700,00;26640,70
516;27.03.2018;26;25;8;23;20;15;0;0;2;3969,12;25;317,53;421;2,50;1767980,00;28215,00
517;29.03.2018;1;5;14;49;39;9;0;0;0;0;13;1028,02;390;2,50;1777540,00;23899,00
518;31.03.2018;25;14;27;46;3;5;0;0;0;0;25;568,43;421;2,50;1787720,00;25439,10
519;03.04.2018;18;9;43;42;25;1;0;0;0;0;32;469,5;363;2,50;1798340,00;26552,90
520;05.04.2018;7;31;42;4;34;37;0;0;1;6567,1;14;469,07;348;2,50;1807680,00;23340,40
521;07.04.2018;33;32;35;42;36;48;0;0;0;0;19;820,98;377;2,50;1818710,00;27568,60
522;10.04.2018;49;10;27;26;5;38;0;0;1;6956,39;29;239,87;427;2,50;1828690,00;24967,10
523;12.04.2018;46;28;16;47;33;26;0;0;0;0;13;1013,79;322;2,50;1838020,00;23307,30
524;14.04.2018;10;2;31;34;43;26;0;0;0;0;23;613,34;366;2,50;1848030,00;25036,70
525;17.04.2018;27;17;28;20;40;47;0;0;0;0;14;895,4;348;2,50;1856970,00;22342,90
526;19.04.2018;23;48;30;2;22;1;0;0;0;0;10;1307,96;279;2,50;1866150,00;22961,90
527;21.04.2018;44;1;6;5;3;11;0;0;0;0;47;283,17;437;2,50;1875750,00;24002,70
528;24.04.2018;6;48;15;16;19;42;0;0;1;7564,27;26;290,93;379;2,50;1886470,00;26793,40
529;26.04.2018;43;36;21;34;24;5;0;0;0;0;16;832,24;324;2,50;1895890,00;23543,30
530;28.04.2018;34;7;39;15;21;6;0;0;0;0;18;805,57;352;2,50;1906140,00;25634,00
531;01.05.2018;36;5;28;3;40;2;0;0;2;3107,9;20;310,79;362;2,50;1915030,00;22227,70
532;03.05.2018;18;40;28;21;13;49;0;0;0;0;12;1050,51;345;2,50;1924010,00;22447,70
533;05.05.2018;14;33;4;31;47;23;0;0;0;0;27;482,33;413;2,50;1933380,00;23425,90
534;08.05.2018;6;22;37;44;46;17;0;0;0;0;22;724,19;405;2,50;1944680,00;28241,20
535;10.05.2018;48;27;46;14;42;18;0;0;0;0;8;1528,98;243;2,50;1953240,00;21398,90
536;12.05.2018;36;48;8;47;13;21;0;0;0;0;17;798,03;340;2,50;1962850,00;24027,80
537;15.05.2018;16;17;40;25;24;7;0;0;0;0;21;689,37;548;2,50;1973420,00;26411,50
538;17.05.2018;34;30;45;1;4;7;0;0;0;0;17;803,41;400;2,50;1983190,00;24430,20
539;19.05.2018;48;11;16;20;12;40;0;0;0;0;34;419,48;410;2,50;1993380,00;25479,00
540;22.05.2018;1;42;23;43;7;5;0;0;0;0;21;817,31;449;2,50;2005570,00;30476,80
541;24.05.2018;13;18;46;16;4;5;0;0;2;4859,75;23;422,58;538;2,50;2019430,00;34640,00
542;26.05.2018;44;5;39;21;9;43;0;0;0;0;23;779,48;472;2,50;2032160,00;31847,00
543;29.05.2018;7;38;12;36;32;31;0;0;1;10556,6;25;422,26;502;2,50;2047080,00;37280,30
544;31.05.2018;20;40;9;28;8;5;0;0;1;8409,52;42;200,22;592;2,50;2059280,00;30498,40
545;02.06.2018;3;22;34;31;49;40;0;0;0;0;20;819,05;394;2,50;2070850,00;28943,50
546;05.06.2018;16;3;25;37;23;40;0;0;0;0;41;425,1;540;2,50;2083370,00;31298,70
547;07.06.2018;40;47;14;34;30;44;0;0;0;0;19;857,79;344;2,50;2094810,00;28596,90
548;09.06.2018;3;13;49;31;48;10;0;0;0;0;35;474,93;522;2,50;2106760,00;29879,40
549;12.06.2018;22;24;40;45;13;7;0;0;0;0;39;465,54;552;2,50;2119790,00;57124,00
550;14.06.2018;14;5;4;7;36;8;0;0;1;8121,15;39;208,23;519;2,50;2131480,00;29233,00
551;16.06.2018;43;10;3;17;7;38;0;0;0;0;21;784,45;508;2,50;2143310,00;29572,70
552;19.06.2018;27;12;3;32;29;22;0;0;2;4514,84;21;429,98;506;2,50;2156200,00;32207,30
553;21.06.2018;17;4;15;47;44;19;0;0;0;0;25;646,32;467;2,50;2167750,00;28876,20
554;23.06.2018;48;4;12;30;18;42;0;0;0;0;24;688,69;440;2,50;2179500,00;29381,20
555;26.06.2018;10;40;49;24;1;25;0;0;0;0;33;545,86;587;2,50;2192490,00;32468,30
556;28.06.2018;21;6;5;43;15;17;0;0;0;0;22;709,07;480;2,50;2203690,00;27999,50
557;30.06.2018;31;27;14;29;48;3;0;0;1;7929,31;20;396,46;438;2,50;2214990,00;28256,00
558;03.07.2018;16;10;34;32;39;15;0;0;1;7990,17;17;470,01;406;2,50;2226320,00;28325,60
559;05.07.2018;45;13;14;30;49;32;0;0;0;0;15;998,11;320;2,50;2236830,00;26286,10
560;07.07.2018;29;45;4;49;24;21;0;0;0;0;22;747,39;388;2,50;2248440,00;29021,00
561;10.07.2018;35;44;37;33;49;25;0;0;0;0;24;728,38;372;2,50;2260720,00;30685,40
562;12.07.2018;16;30;6;22;33;19;0;0;1;7824,2;40;195,6;466;2,50;2271920,00;28022,30
563;14.07.2018;46;1;39;8;13;26;0;0;0;0;21;754,88;459;2,50;2283260,00;28333,60
564;17.07.2018;14;6;11;45;36;9;0;0;1;8408,29;33;254,79;454;2,50;2295230,00;29919,30
565;19.07.2018;45;14;20;23;27;32;0;0;0;0;30;521,57;447;2,50;2306400,00;27941,40
566;21.07.2018;35;36;13;17;31;25;0;0;1;7974,21;24;332,25;491;2,50;2317850,00;28626,50
567;24.07.2018;38;25;40;20;9;12;0;0;0;0;38;444,57;538;2,50;2330010,00;30398,10
568;26.07.2018;2;42;18;16;10;43;0;0;2;3918,8;38;206,25;481;2,50;2341270,00;28129,00
569;28.07.2018;2;14;10;30;44;43;0;0;1;7716,62;24;321,52;334;2,50;2352110,00;27113,80
570;31.07.2018;22;34;4;13;9;30;0;0;4;1986,25;35;227;545;2,50;2363610,00;28754,20
571;02.08.2018;37;1;38;10;15;46;0;0;0;0;16;973,42;334;2,50;2374550,00;27349,70
572;04.08.2018;8;30;3;23;15;26;0;0;3;2359,86;26;272,29;503;2,50;2384830,00;25694,50
573;07.08.2018;10;17;43;15;8;11;0;0;0;0;28;595,92;408;2,50;2396630,00;29510,00
574;09.08.2018;37;31;2;8;13;12;0;0;2;3695,44;23;321,34;524;2,50;2407360,00;26819,60
575;11.08.2018;23;36;16;39;33;4;0;0;0;0;13;1226,16;427;2,50;2418700,00;28346,10
576;14.08.2018;8;2;30;33;1;43;0;0;0;0;21;827,64;467;2,50;2431070,00;30913,40
577;16.08.2018;12;9;45;10;26;32;0;0;0;0;22;701,89;445;2,50;2442100,00;27590,30
578;18.08.2018;29;37;17;21;47;3;0;0;0;0;26;592,38;497;2,50;2453200,00;27740,80
579;21.08.2018;40;35;45;24;30;17;0;0;0;0;23;749,49;444;2,50;2465430,00;30580,50
580;23.08.2018;7;36;37;4;2;22;0;0;0;0;25;614,56;389;2,50;2476320,00;27227,80
581;25.08.2018;34;17;47;36;11;24;0;0;1;7623,73;22;346,53;396;2,50;2487150,00;27062,50
582;28.08.2018;43;33;11;28;29;31;0;0;0;0;19;900,33;392;2,50;2499210,00;30143,90
583;30.08.2018;42;4;10;7;34;49;0;0;0;0;20;748,02;377;2,50;2509810,00;26505,00
584;01.09.2018;2;37;29;25;30;26;0;0;0;0;11;1346,65;315;2,50;2520210,00;26001,10
585;04.09.2018;7;23;42;4;16;40;0;0;1;7708,4;36;214,12;444;2,50;2531230,00;27544,70
586;06.09.2018;15;7;32;20;2;19;0;0;0;0;27;535,28;477;2,50;2541660,00;26075,20
587;08.09.2018;10;3;11;42;12;18;0;0;1;7672,96;18;426,27;390;2,50;2552540,00;27201,50
588;11.09.2018;3;21;30;4;41;2;0;0;0;0;20;826,98;478;2,50;2564360,00;29557,90
589;13.09.2018;14;12;26;27;16;48;0;0;0;0;16;844,31;397;2,50;2574030,00;24169,10
590;15.09.2018;26;18;16;47;2;1;0;0;3;2535,52;16;475,41;355;2,50;2584760,00;26834,50
591;18.09.2018;47;42;12;48;9;34;0;0;1;8031,1;17;472,41;379;2,50;2596100,00;28349,50
592;20.09.2018;20;47;46;42;35;23;0;0;0;0;8;1867,82;275;2,50;2606520,00;26050,10
593;22.09.2018;6;43;10;40;5;24;0;0;0;0;28;561,04;472;2,50;2617780,00;28148,90
594;25.09.2018;49;47;34;18;21;13;0;0;0;0;23;702,44;418;2,50;2629250,00;28668,70
595;27.09.2018;36;17;31;9;30;8;0;0;1;7222,66;25;288,9;562;2,50;2639820,00;26417,20
596;29.09.2018;24;26;10;23;27;28;0;0;1;7305,56;17;429,73;395;2,50;2650220,00;25997,70
597;02.10.2018;43;23;44;28;15;17;0;0;0;0;10;1625,55;349;2,50;2661630,00;28546,70
598;04.10.2018;42;27;1;2;29;15;0;0;1;7106,07;11;646;313;2,50;2671630,00;24991,10
599;06.10.2018;4;10;7;1;29;9;0;0;3;2436,92;42;174,06;503;2,50;2682220,00;26465,10
600;09.10.2018;31;41;24;21;44;10;0;0;1;7959,98;32;248,74;469;2,50;2693610,00;28487,50
601;11.10.2018;19;14;37;31;43;4;0;0;0;0;15;1001,84;395;2,50;2704290,00;26692,00
602;13.10.2018;7;10;33;43;1;15;0;0;0;0;24;627,43;459;2,50;2715090,00;27010,00
603;16.10.2018;42;48;6;14;3;23;0;0;3;2709,96;15;541,99;422;2,50;2726640,00;28858,00
604;18.10.2018;28;16;34;6;45;21;0;0;0;0;13;1145,24;346;2,50;2737140,00;26255,30
605;20.10.2018;29;39;25;20;44;5;0;0;0;0;34;444,23;454;2,50;2747960,00;27064,70
606;23.10.2018;40;26;17;4;37;10;0;0;6;1322,68;48;165,33;577;2,50;2759510,00;28858,00
607;25.10.2018;41;40;47;10;16;36;0;0;0;0;15;996,89;327;2,50;2770020,00;26285,00
608;27.10.2018;47;13;14;33;24;41;0;0;1;7613,83;19;400,72;428;2,50;2780890,00;27162,80
609;30.10.2018;36;22;27;47;32;24;0;0;1;8108,02;12;675,66;370;2,50;2792320,00;28568,40
610;01.11.2018;44;3;43;42;10;9;0;0;0;0;22;667,47;349;2,50;2802690,00;25928,20
611;03.11.2018;35;46;36;19;13;30;0;0;1;7380,09;23;320,87;360;2,50;2813130,00;26100,30
612;06.11.2018;37;22;49;26;11;35;0;0;0;0;15;1114,07;413;2,50;2824960,00;29572,70
613;08.11.2018;17;31;37;19;23;22;0;0;0;0;31;455,59;438;2,50;2835100,00;25363,90
614;10.11.2018;6;49;4;13;26;3;0;0;2;3838,94;28;274,21;510;2,50;2846190,00;27718,00
615;13.11.2018;3;5;49;30;16;32;0;0;0;0;29;558,63;454;2,50;2857750,00;28892,20
616;15.11.2018;3;47;13;34;6;29;0;0;0;0;20;710,86;413;2,50;2867910,00;25416,30
617;17.11.2018;23;25;30;48;31;42;0;0;1;7798,75;11;708,97;317;2,50;2878840,00;27316,70
618;20.11.2018;4;48;7;42;30;34;0;0;1;8251,54;15;550,1;398;2,50;2890500,00;29163,50
619;22.11.2018;35;38;4;33;27;6;0;0;1;7551,07;12;629,25;357;2,50;2901170,00;26657,80
620;24.11.2018;19;25;47;12;49;2;0;0;0;0;26;601,45;427;2,50;2912300,00;27842,20
621;27.11.2018;49;27;10;20;48;32;0;0;0;0;25;659,87;424;2,50;2924010,00;29261,50
622;29.11.2018;16;6;43;42;3;5;0;0;0;0;18;765,52;372;2,50;2933820,00;24515,70
623;01.12.2018;41;30;34;2;20;17;0;0;0;0;19;775,94;403;2,50;2944320,00;26250,80
624;04.12.2018;25;10;38;46;19;24;0;0;0;0;29;533,5;482;2,50;2955430,00;27794,30
625;06.12.2018;48;12;32;3;37;29;0;0;0;0;18;793,8;355;2,50;2965550,00;25293,20
626;08.12.2018;15;7;19;4;44;29;0;0;0;0;37;400,1;490;2,50;2976240,00;26714,80
627;11.12.2018;16;36;2;13;1;32;0;0;2;4118,46;34;242,26;451;2,50;2987970,00;29335,60
628;13.12.2018;39;21;20;30;49;38;0;0;0;0;16;957,28;309;2,50;2998700,00;26815,10
629;15.12.2018;32;20;17;31;2;10;0;0;1;8951,02;42;213,11;648;2,50;3011710,00;32536,70
630;18.12.2018;32;26;43;45;25;6;0;0;0;0;16;1164,33;394;2,50;3024790,00;32690,60
631;20.12.2018;31;25;6;10;42;28;0;0;0;0;18;931,91;409;2,50;3036650,00;29661,70
632;22.12.2018;26;21;7;34;43;17;0;0;1;8931,37;34;262,68;609;2,50;3049580,00;32308,70
633;25.12.2018;49;10;24;31;12;40;0;0;1;9720,55;34;285,89;570;2,50;3063490,00;34776,80
634;27.12.2018;46;48;31;40;42;10;0;0;0;0;15;1185,86;437;2,50;3076080,00;31467,40
635;29.12.2018;11;21;9;2;41;12;0;0;0;0;34;618,8;705;2,50;3091280,00;38003,00
636;01.01.2019;18;3;12;2;49;13;0;0;2;5497,86;53;207,46;763;2,50;3107210,00;39831,60
637;03.01.2019;15;4;42;12;38;7;0;0;2;3911,19;28;279,37;526;2,50;3118520,00;28266,30
638;05.01.2019;44;3;7;29;12;31;0;0;3;2811,51;25;337,38;575;2,50;3130720,00;30511,00
639;08.01.2019;37;16;26;18;42;4;0;0;1;9411,71;34;276,81;538;2,50;3144170,00;33614,00
640;10.01.2019;17;41;11;16;25;21;0;0;1;8013,83;30;267,12;508;2,50;3155700,00;28829,50
641;12.01.2019;30;32;26;14;10;3;0;0;1;8553,55;46;185,94;575;2,50;3168060,00;30907,70
642;15.01.2019;18;30;22;15;48;16;0;0;1;9109,77;18;506,09;408;2,50;3180890,00;32065,90
643;17.01.2019;15;46;47;31;21;28;0;0;0;0;16;1019,95;358;2,50;3192370,00;28690,40
644;19.01.2019;39;41;9;32;36;22;0;0;0;0;30;595,8;425;2,50;3204990,00;31560,90
645;22.01.2019;20;3;30;44;36;12;0;0;0;0;23;775,97;477;2,50;3217680,00;31733,00
646;24.01.2019;42;45;13;19;33;28;0;0;0;0;36;421,07;510;2,50;3228640,00;27389,60
647;26.01.2019;9;49;33;13;15;44;0;0;1;8133,66;33;246,47;454;2,50;3240240,00;29003,90
648;29.01.2019;9;41;18;21;7;28;0;0;1;8352,02;34;245,64;551;2,50;3252300,00;30135,90
649;31.01.2019;44;7;4;37;9;3;0;0;0;0;23;652,29;475;2,50;3263090,00;26983,80
650;02.02.2019;39;24;1;12;4;17;0;0;1;7862,14;22;357,37;518;2,50;3274440,00;28365,50
651;05.02.2019;40;32;30;39;25;23;0;0;0;0;17;988,18;406;2,50;3286310,00;29690,20
652;07.02.2019;25;4;19;1;29;17;0;0;0;0;30;499,89;502;2,50;3297150,00;27086,40
653;09.02.2019;17;34;40;13;11;20;0;0;0;0;23;701,38;538;2,50;3308800,00;29128,10
654;12.02.2019;6;30;39;43;31;14;0;0;2;4364,88;16;545,61;396;2,50;3321100,00;30749,20
655;14.02.2019;39;18;45;41;13;3;0;0;0;0;22;711,81;483;2,50;3332340,00;28112,40
656;16.02.2019;46;8;36;3;47;27;0;0;0;0;19;841,71;443;2,50;3343740,00;28500,00
657;19.02.2019;30;43;45;34;49;27;0;0;0;0;22;783,45;373;2,50;3355850,00;30280,70
658;21.02.2019;21;46;14;36;18;16;0;0;2;3856,28;12;642,71;346;2,50;3366710,00;27150,20
659;23.02.2019;22;43;42;3;14;10;0;0;1;8022,33;19;422,22;409;2,50;3378090,00;28445,30
660;26.02.2019;6;8;12;15;16;21;0;0;0;0;37;445,67;479;2,50;3389880,00;29479,30
661;28.02.2019;36;28;14;1;5;25;0;0;0;0;26;567,78;404;2,50;3400400,00;26287,30
662;02.03.2019;35;29;4;13;34;30;0;0;0;0;13;1193,65;375;2,50;3411370,00;27425,00
663;05.03.2019;15;21;33;8;13;10;0;0;2;4042,88;32;252,68;538;2,50;3423050,00;29194,30
664;07.03.2019;10;29;37;46;6;18;0;0;1;8536,56;28;304,87;431;2,50;3435150,00;30251,00
665;09.03.2019;39;20;44;21;27;29;0;0;0;0;17;863,95;338;2,50;3445500,00;25887,10
666;12.03.2019;39;37;11;24;29;44;0;0;1;8332,59;17;490,15;398;2,50;3457280,00;29433,70
667;14.03.2019;38;13;43;33;29;14;0;0;0;0;17;882,44;371;2,50;3467900,00;26548,30
668;16.03.2019;4;15;14;44;11;5;0;0;1;7736,2;18;429,78;439;2,50;3478940,00;27616,50
669;19.03.2019;33;35;4;49;21;11;0;0;2;5144,57;28;367,46;589;2,50;3493640,00;36751,30
670;21.03.2019;24;46;34;18;8;6;0;0;2;5580,82;45;248,03;633;2,50;3509580,00;39843,00
671;23.03.2019;35;41;29;17;5;16;0;0;0;0;34;663,47;623;2,50;3525660,00;40193,00
672;26.03.2019;26;49;10;13;33;34;0;0;0;0;28;833,44;698;2,50;3542380,00;41802,70
673;28.03.2019;44;10;15;29;40;13;0;0;1;10135,7;39;259,89;622;2,50;3556930,00;36377,40
674;30.03.2019;16;30;29;37;35;45;0;0;1;10384,4;17;610,84;411;2,50;3571460,00;36327,20
675;02.04.2019;8;28;5;9;34;42;0;0;0;0;36;591,91;531;2,50;3586550,00;37727,20
676;04.04.2019;44;29;7;22;27;37;0;0;0;0;36;528,68;526;2,50;3600120,00;33912,70
677;06.04.2019;5;18;33;7;16;26;0;0;0;0;32;606,15;653;2,50;3614140,00;35049,30
678;09.04.2019;27;8;3;35;26;39;0;0;0;0;20;1090,12;597;2,50;3629670,00;38825,00
679;11.04.2019;3;45;31;15;32;39;0;0;1;10184,3;13;783,4;503;2,50;3644090,00;36043,40
680;13.04.2019;44;28;35;40;5;29;0;0;1;10436,2;27;386,52;580;2,50;3658970,00;37203,90
681;16.04.2019;1;49;31;41;40;13;0;0;0;0;30;747,99;593;2,50;3674920,00;39870,40
682;18.04.2019;16;26;1;22;9;29;0;0;0;0;33;593,06;538;2,50;3688860,00;34860,10
683;20.04.2019;16;45;9;3;13;19;0;0;0;0;39;521,57;721;2,50;3703620,00;36906,40
684;23.04.2019;19;25;32;39;33;5;0;0;0;0;31;687,88;644;2,50;3718910,00;38224,20
685;25.04.2019;19;3;29;46;8;41;0;0;0;0;34;555,07;514;2,50;3732350,00;33595,80
686;27.04.2019;35;2;39;30;44;33;0;0;0;0;25;822,23;526;2,50;3746930,00;36451,50
687;30.04.2019;20;4;3;1;18;39;0;0;1;9854,35;26;379,01;591;2,50;3761060,00;35310,40
688;02.05.2019;9;14;36;13;6;4;0;0;1;8539,64;30;284,65;547;2,50;3773350,00;30744,70
689;04.05.2019;30;31;40;10;13;44;0;0;0;0;51;382,87;658;2,50;3787470,00;35286,40
690;07.05.2019;14;2;26;44;1;33;0;0;0;0;20;953,01;469;2,50;3800960,00;33721,20
691;09.05.2019;17;21;19;23;3;5;0;0;1;7670,94;47;163,21;654;2,50;3812280,00;28294,80
692;11.05.2019;28;25;39;46;32;30;0;0;0;0;21;910,17;406;2,50;3825690,00;33547,90
693;14.05.2019;14;26;47;45;42;49;0;0;1;10322,2;17;607,18;414;2,50;3840150,00;36132,30
694;16.05.2019;22;10;35;9;24;11;0;0;0;0;28;652,43;518;2,50;3853190,00;32605,10
695;18.05.2019;35;11;34;33;32;48;0;0;0;0;11;1636,7;398;2,50;3865860,00;31664,60
696;21.05.2019;39;28;17;7;24;42;0;0;0;0;39;514,07;590;2,50;3880200,00;35873,50
697;23.05.2019;27;30;41;16;3;49;0;0;1;9201,14;32;287,53;507;2,50;3893320,00;32783,00
698;25.05.2019;10;26;11;15;43;9;0;0;2;4773,98;22;433,99;545;2,50;3906960,00;34097,40
699;28.05.2019;10;2;37;43;48;33;0;0;1;10393,4;32;324,79;484;2,50;3921620,00;36661,30
700;30.05.2019;14;46;48;19;37;15;0;0;0;0;17;1086,74;353;2,50;3934530,00;32262,00
701;01.06.2019;31;34;5;19;45;6;0;0;1;8850,51;38;232,9;544;2,50;3947230,00;31768,40
702;04.06.2019;32;14;21;39;43;29;0;0;1;9478,58;14;677,04;412;2,50;3960560,00;33311,90
703;06.06.2019;16;27;11;32;9;41;1;3973640;2;4475,92;45;198,93;684;2,50;3973640,00;32689,50
704;08.06.2019;35;2;46;5;33;31;0;0;0;0;17;553,98;254;2,50;130158,00;16754,60
705;11.06.2019;8;9;31;40;26;43;0;0;0;0;17;518,7;237;2,50;136432,00;15684,10
706;13.06.2019;4;48;15;8;34;47;0;0;0;0;7;1115,22;186;2,50;141947,00;13786,00
707;15.06.2019;17;30;14;20;18;24;0;0;0;0;17;475,98;258;2,50;147771,00;14561,20
708;18.06.2019;16;18;6;21;10;33;0;0;0;0;26;332,53;351;2,50;154120,00;15872,20
709;20.06.2019;33;22;27;34;44;21;0;0;1;4061,66;7;580,23;218;2,50;159899,00;14447,20
710;22.06.2019;40;4;32;15;29;17;0;0;1;4165,14;12;347,09;237;2,50;165848,00;14871,30
711;24.06.2019;45;49;28;9;12;5;0;0;0;0;6;790,67;151;10,00;169215,00;9621,60
712;25.06.2019;39;33;48;35;42;46;0;0;0;0;6;994,91;97;10,00;172952,00;10676,10
713;27.06.2019;32;31;43;21;8;44;0;0;0;0;11;635,5;204;10,00;177814,00;13893,20
714;29.06.2019;29;37;22;33;36;39;0;0;0;0;11;691,3;181;10,00;182884,00;14483,70
715;01.07.2019;30;34;14;41;24;22;0;0;0;0;7;808,88;177;10,00;186886,00;11434,20
716;02.07.2019;41;2;38;15;42;35;0;0;0;0;12;490,73;143;10,00;190827,00;11259,80
717;04.07.2019;22;13;23;31;48;8;0;0;0;0;13;490,88;220;10,00;195448,00;13202,30
718;06.07.2019;11;44;25;38;30;9;0;0;0;0;16;439,65;266;10,00;200668,00;14914,60
719;08.07.2019;32;36;10;28;40;8;0;0;0;0;11;578;197;10,00;205152,00;12812,50
720;09.07.2019;3;5;17;45;4;34;0;0;1;2614,26;13;201,09;224;10,00;209174,00;11490,10
721;11.07.2019;8;6;44;7;33;23;0;0;0;0;21;323,14;293;10,00;214406,00;14947,70
722;13.07.2019;36;21;12;35;25;27;0;0;0;0;8;978,35;219;10,00;219800,00;15410,50
723;15.07.2019;28;10;1;7;32;12;0;0;1;3070,15;10;307,01;215;10,00;224264,00;12754,30
724;16.07.2019;26;24;4;42;2;12;0;0;1;2818,37;17;165,78;200;10,00;228376,00;11748,80
725;18.07.2019;9;36;49;6;40;25;0;0;0;0;16;452,31;251;10,00;233624,00;14995,60
726;20.07.2019;36;35;24;47;23;42;0;0;0;0;8;1079,98;170;10,00;239192,00;15907,60
727;22.07.2019;49;5;24;31;37;22;0;0;0;0;7;953,12;178;10,00;243743,00;13002,80
728;23.07.2019;11;21;8;5;33;40;0;0;1;2783,03;15;185,53;223;10,00;247941,00;11993,90
729;25.07.2019;44;7;15;20;36;30;0;0;0;0;4;1885,22;241;10,00;253299,00;15309,10
730;27.07.2019;15;40;18;5;8;39;0;0;0;0;11;714,09;237;10,00;258805,00;15730,90
731;29.07.2019;47;4;38;29;21;1;0;0;0;0;10;620,13;186;10,00;263146,00;12402,10
732;30.07.2019;9;45;32;18;6;29;0;0;0;0;22;245,13;196;10,00;267105,00;11312,20
733;01.08.2019;16;7;27;13;2;20;0;0;0;0;20;316,22;315;10,00;272207,00;14576,00
734;03.08.2019;32;21;4;6;39;8;0;0;0;0;10;712,59;255;10,00;277417,00;14886,10
735;05.08.2019;23;29;9;46;11;33;0;0;0;0;22;279,09;246;10,00;282048,00;13230,80
736;06.08.2019;47;16;2;23;40;30;0;0;0;0;8;743,29;156;10,00;286090,00;11548,20
737;08.08.2019;11;5;22;39;2;32;0;0;0;0;12;643,59;239;10,00;291536,00;15558,70
738;10.08.2019;39;38;23;8;15;26;0;0;0;0;6;1319,97;220;10,00;296985,00;15569,00
739;12.08.2019;7;43;42;41;35;31;0;0;0;0;10;703,67;173;10,00;301705,00;13487,30
740;13.08.2019;30;31;9;33;8;49;0;0;0;0;7;864,11;226;10,00;306179,00;12782,80
741;15.08.2019;14;24;7;38;8;10;0;0;0;0;18;438,01;323;10,00;312164,00;17098,90
742;17.08.2019;37;43;2;11;33;45;0;0;1;4511,98;6;751,99;230;10,00;318262,00;17421,50
743;19.08.2019;30;48;49;38;24;2;0;0;0;0;10;771,52;188;10,00;323428,00;14761,90
744;20.08.2019;17;26;43;3;39;29;0;0;0;0;17;353,8;230;10,00;327906,00;12791,90
745;22.08.2019;26;44;4;38;32;31;0;0;0;0;12;693,19;269;10,00;333833,00;16935,80
746;24.08.2019;36;35;2;7;25;38;0;0;0;0;10;911,51;234;10,00;340001,00;17623,30
747;26.08.2019;42;11;24;16;35;22;0;0;0;0;14;538,32;180;10,00;345029,00;14364,00
748;27.08.2019;46;33;9;39;49;23;0;0;0;0;7;877,82;215;10,00;349495,00;12761,20
749;29.08.2019;11;12;16;23;14;32;0;0;0;0;10;776,78;295;10,00;355267,00;16489,00
750;31.08.2019;33;16;8;21;46;18;0;0;1;3928,9;15;261,92;282;10,00;361016,00;16427,40
751;02.09.2019;22;12;42;23;36;32;0;0;0;0;15;480,11;180;10,00;365863,00;13848,70
752;03.09.2019;36;19;37;33;6;44;0;0;0;0;5;1265,84;199;10,00;370343,00;12798,80
753;05.09.2019;39;46;12;44;24;25;0;0;0;0;9;917,64;221;10,00;375980,00;16105,90
754;07.09.2019;33;30;7;26;42;15;0;0;0;0;8;1057,05;260;10,00;381934,00;17009,90
755;09.09.2019;5;17;3;1;9;44;0;0;0;0;20;316,11;321;10,00;387066,00;14665,00
756;10.09.2019;29;14;33;36;30;15;0;0;0;0;8;871,12;186;10,00;391820,00;13583,10
757;12.09.2019;30;7;36;17;43;4;0;0;0;0;14;559,54;263;10,00;397455,00;16097,90
758;14.09.2019;29;1;48;24;14;38;0;0;0;0;17;566,93;229;10,00;403878,00;18350,60
759;16.09.2019;41;39;27;49;25;46;0;0;0;0;7;1075,87;211;10,00;409069,00;14832,50
760;17.09.2019;19;34;1;14;9;3;0;0;0;0;22;285,3;247;10,00;413779,00;13456,60
761;19.09.2019;17;16;7;13;49;23;0;0;0;0;12;681,47;325;10,00;419932,00;17581,10
762;21.09.2019;29;31;45;7;38;32;0;0;0;0;13;778,73;220;10,00;426568,00;18959,30
763;23.09.2019;8;3;18;22;34;15;0;0;0;0;18;419,82;250;10,00;431984,00;15472,10
764;24.09.2019;21;10;26;5;11;19;0;0;1;2971,92;16;185,74;292;10,00;436757,00;13636,70
765;26.09.2019;12;19;35;25;18;29;0;0;0;0;10;864,57;263;10,00;442828,00;17347,40
766;28.09.2019;43;22;30;21;33;2;0;0;0;0;17;522,66;287;10,00;449158,00;18085,00
767;30.09.2019;33;39;46;44;29;27;0;0;0;0;14;547,94;235;10,00;454554,00;15417,40
768;01.10.2019;34;14;27;35;25;45;0;0;0;0;9;793,88;171;10,00;459322,00;13623,00
769;03.10.2019;5;48;42;26;47;34;0;0;0;0;14;651,81;220;10,00;465421,00;17423,80
770;05.10.2019;16;6;47;26;13;32;0;0;0;0;21;405,91;330;10,00;471788,00;18191,00
771;07.10.2019;42;43;33;20;37;36;0;0;0;0;6;1371,13;165;10,00;477106,00;15195,10
772;08.10.2019;39;44;40;30;33;8;0;0;2;1665,33;23;144,81;249;10,00;482034,00;14079,00
773;10.10.2019;4;36;18;15;12;17;0;0;0;0;20;437,22;299;10,00;488352,00;18053,00
774;12.10.2019;2;12;15;11;47;20;0;0;0;0;14;683,59;314;10,00;495196,00;19554,40
775;14.10.2019;35;14;19;45;32;3;0;0;0;0;18;441,17;277;10,00;500964,00;16478,70
776;15.10.2019;20;30;15;25;40;12;0;0;2;1708,97;18;189,88;260;10,00;506045,00;14516,80
777;17.10.2019;42;31;41;14;35;40;0;0;0;0;11;973,84;209;10,00;512939,00;19695,80
778;19.10.2019;1;33;36;8;2;16;0;0;1;5180,29;19;272,64;295;10,00;520106,00;20477,80
779;21.10.2019;20;9;24;43;28;48;0;0;0;0;14;581,35;275;10,00;525969,00;16752,30
780;22.10.2019;37;20;4;42;12;29;0;0;0;0;18;442,93;221;10,00;531452,00;15665,90
781;24.10.2019;36;37;4;47;15;9;0;0;0;0;12;810,42;264;10,00;538111,00;19023,20
782;26.10.2019;14;21;34;44;4;20;0;0;0;0;18;576,01;262;10,00;545104,00;19981,90
783;28.10.2019;17;12;4;31;42;20;0;0;0;0;21;373,22;266;10,00;550757,00;16150,40
784;29.10.2019;5;20;2;9;6;12;0;0;0;0;15;473,43;263;10,00;555997,00;14971,60
785;31.10.2019;24;26;3;27;49;48;0;0;0;0;13;704,88;284;10,00;562461,00;18466,90
786;02.11.2019;35;6;33;48;12;39;0;0;0;0;12;841,62;239;10,00;569186,00;19214,70
787;04.11.2019;9;5;40;32;45;34;0;0;0;0;14;547,29;282;10,00;574830,00;16126,40
788;05.11.2019;23;3;20;33;4;45;0;0;0;0;12;556,33;298;10,00;580030,00;14855,30
789;07.11.2019;37;30;49;6;41;17;0;0;0;0;11;901,15;306;10,00;587015,00;19958,00
790;09.11.2019;17;15;6;14;37;31;0;0;0;0;11;953,86;303;10,00;594296,00;20803,90
791;11.11.2019;13;44;41;39;30;2;0;0;1;4737,72;16;296,1;292;10,00;600971,00;19069,90
792;12.11.2019;5;28;24;41;14;21;0;0;0;0;15;570,08;264;10,00;606997,00;17217,40
793;14.11.2019;16;27;46;30;23;43;0;0;0;0;20;537,28;324;10,00;614528,00;21516,40
794;16.11.2019;25;15;43;36;29;3;0;0;0;0;19;645,37;329;10,00;622902,00;23926,30
795;18.11.2019;11;18;25;14;26;35;0;0;0;0;16;613,4;291;10,00;629754,00;19576,10
796;19.11.2019;20;42;16;41;35;30;0;0;0;0;12;759,03;232;10,00;635908,00;17582,20
797;21.11.2019;24;20;8;31;43;33;0;0;2;2695,04;17;317,06;355;10,00;643624,00;22046,50
798;23.11.2019;15;6;1;18;28;11;0;0;0;0;31;373,72;378;10,00;651898,00;23639,00
799;25.11.2019;19;21;13;46;23;6;0;0;1;4662,26;17;274,25;364;10,00;658879,00;19945,40
800;26.11.2019;21;41;34;43;24;35;0;0;0;0;7;1374,38;189;10,00;665077,00;17708,80
801;28.11.2019;36;39;2;44;45;32;0;0;0;0;12;916,14;304;10,00;6726330,00;21590,50
802;30.11.2019;11;18;9;48;13;49;0;0;1;5967,2;25;238,68;384;10,00;681128,00;24268,30
803;02.12.2019;39;30;22;43;4;38;0;0;2;2555,37;45;113,57;250;10,00;687978,00;19571,50
804;03.12.2019;36;11;13;37;2;40;0;0;0;0;7;1217,49;274;10,00;694042,00;17326,90
805;05.12.2019;1;44;46;30;16;26;0;0;0;0;18;641,14;306;10,00;701904,00;22462,60
806;07.12.2019;28;41;35;6;27;30;0;0;0;0;21;609,74;347;10,00;710668,00;25037,80
807;09.12.2019;25;13;26;14;43;12;0;0;1;5386,8;13;414,36;274;10,00;717944,00;20790,20
808;10.12.2019;26;17;44;11;36;27;0;0;0;0;16;565,95;304;10,00;724608,00;18608,20
809;12.12.2019;41;14;24;44;11;2;0;0;1;5732,04;24;238,83;446;10,00;733032,00;24498,60
810;14.12.2019;4;2;27;12;10;39;0;0;1;6367,8;22;289,44;438;10,00;742248,00;26331,70
811;16.12.2019;19;29;12;25;9;36;0;0;0;0;26;392,19;397;10,00;749877,00;21795,70
812;17.12.2019;42;5;34;31;48;7;0;0;0;0;28;311,13;342;10,00;756410,00;18664,10
813;19.12.2019;2;38;46;27;41;10;0;0;0;0;23;549,63;385;10,00;765290,00;25371,80
814;21.12.2019;23;1;3;19;44;47;0;0;0;0;31;395,59;509;10,00;774634,00;26697,70
815;23.12.2019;14;32;19;24;38;23;0;0;0;0;17;641,76;375;10,00;782528,00;22553,80
816;24.12.2019;48;32;18;44;9;28;0;0;0;0;26;414,61;289;10,00;789889,00;21030,70
817;26.12.2019;47;48;25;42;8;37;0;0;0;0;20;624,77;343;10,00;798464,00;24500,00
818;28.12.2019;2;4;27;7;44;42;0;0;0;0;25;521,91;490;10,00;808129,00;27611,90
819;30.12.2019;19;41;28;39;33;9;0;0;0;0;29;435,08;568;10,00;817981,00;28150,00
820;31.12.2019;7;39;17;35;3;4;0;0;0;0;27;580,06;598;10,00;829634,00;33294,80
821;02.01.2020;1;13;30;43;6;5;0;0;0;0;25;365,33;358;10,00;836480,00;19559,00
822;04.01.2020;20;3;18;41;35;5;0;0;0;0;28;458,3;366;10,00;845361,00;25373,00
823;06.01.2020;44;46;9;12;19;22;0;0;0;0;18;657,21;370;10,00;853723,00;23892,10
824;07.01.2020;33;35;48;13;38;10;0;0;2;2327,44;6;775,81;273;10,00;860206,00;18522,70
825;09.01.2020;10;26;11;29;22;36;0;0;1;5819,58;15;387,97;397;10,00;868611,00;24014,10
826;11.01.2020;6;14;21;5;43;3;0;0;0;0;23;575,66;450;10,00;878164,00;27292,70
827;13.01.2020;25;21;43;35;6;42;0;0;0;0;17;761,49;270;10,00;886588,00;24070,00
828;14.01.2020;20;19;43;41;49;21;0;0;0;0;1;10848,6;203;10,00;893523,00;19813,20
829;16.01.2020;4;23;6;47;17;29;0;0;0;0;27;450,91;434;10,00;902415,00;25407,20
830;18.01.2020;7;4;27;45;40;8;0;0;1;6352,81;34;186,84;548;10,00;912208,00;27977,90
831;20.01.2020;27;2;33;9;36;6;0;0;0;0;34;333,19;458;10,00;920774,00;24474,70
832;21.01.2020;37;15;18;45;4;43;0;0;0;0;9;1147,83;290;10,00;927898,00;20354,70
833;23.01.2020;21;24;42;30;31;13;0;0;0;0;24;505,06;423;10,00;936703,00;25156,40
834;25.01.2020;32;8;43;16;20;46;0;0;1;6675,54;28;238,41;457;10,00;27570,90;946353,00
835;27.01.2020;13;45;1;37;14;12;0;0;0;0;12;985,37;322;10,00;954454,00;23145,40
836;28.01.2020;48;36;41;13;4;5;0;0;0;0;14;738,89;262;10,00;961435,00;19945,40
837;30.01.2020;46;6;25;21;30;41;0;0;1;6009,23;32;187,78;371;10,00;969904,00;24197,60
838;01.02.2020;15;40;47;10;24;3;0;0;0;0;24;517,64;459;10,00;979066,00;26174,40
839;03.02.2020;12;2;25;22;17;19;0;0;1;5168,12;34;152;541;10,00;987544,00;24225,00
840;04.02.2020;5;12;43;25;24;38;0;0;0;0;16;629,12;278;10,00;994462,00;19763,00
841;06.02.2020;46;19;17;23;42;25;0;0;0;0;17;810,99;368;10,00;1003870,00;26872,10
842;08.02.2020;28;23;6;27;22;11;0;0;1;6995,99;20;349,79;546;10,00;1014340,00;29926,10
843;10.02.2020;29;13;10;3;39;9;0;0;0;0;25;452,43;508;10,00;1023170,00;25216,80
844;11.02.2020;21;2;40;5;20;30;0;0;1;5328,67;32;166,52;399;10,00;1031050,00;22534,40
845;13.02.2020;30;2;21;10;28;18;0;0;1;6504,4;18;361,35;475;10,00;1040620,00;27321,20
846;15.02.2020;38;30;43;3;22;27;0;0;1;7537,27;20;376,86;429;10,00;1051040,00;29791,60
847;17.02.2020;11;33;46;13;15;34;0;0;1;5839,74;30;194,65;380;10,00;1059380,00;23814,60
848;18.02.2020;4;34;23;29;20;16;0;0;2;2621,73;20;262,17;302;10,00;1066650,00;20779,90
849;20.02.2020;21;4;42;31;45;38;0;0;0;0;18;822,72;349;10,00;1076510,00;28152,30
850;22.02.2020;21;12;4;39;26;37;0;0;0;0;37;419,25;518;10,00;1087650,00;31834,50
851;24.02.2020;12;11;17;16;34;2;0;0;1;5952,24;28;212,58;514;10,00;1096830,00;26222,30
852;25.02.2020;18;44;4;40;23;48;0;0;0;0;14;818,06;341;10,00;1104830,00;22866,10
853;27.02.2020;1;35;17;29;23;9;0;0;0;0;23;639,42;440;10,00;1115120,00;29394,90
854;29.02.2020;13;26;24;45;43;28;0;0;0;0;21;769,01;410;10,00;1126020,00;31152,80
855;02.03.2020;47;43;10;27;13;24;0;0;1;6308,83;14;450,63;402;10,00;1134980,00;25596,40
856;03.03.2020;24;42;7;36;21;16;0;0;1;5543,25;26;213,2;330;10,00;1142730,00;22133,10
857;05.03.2020;17;32;11;39;9;6;0;0;1;6488,24;33;196,61;557;10,00;28533,10;1152710,00
858;07.03.2020;20;45;18;14;33;29;0;0;0;0;18;930,42;514;10,00;1164500,00;33673,30
859;09.03.2020;46;7;6;38;15;33;0;0;1;6758,48;12;563,2;324;10,00;1173520,00;25780,00
860;10.03.2020;35;13;41;25;29;20;0;0;0;0;14;773,98;349;10,00;1181240,00;22039,60
861;12.03.2020;13;25;6;3;19;27;0;0;0;0;40;288,08;615;10,00;1190750,00;27190,10
862;14.03.2020;43;7;42;11;27;26;0;0;0;0;18;842,61;490;10,00;1201560,00;30872,30
863;16.03.2020;31;13;8;12;38;15;0;0;0;0;17;697,4;402;10,00;1210110,00;24424,50
864;17.03.2020;1;26;25;21;18;6;0;0;2;2571,65;14;367,37;339;10,00;1217470,00;21041,00
865;19.03.2020;24;8;43;35;26;13;0;0;0;0;29;451,67;392;10,00;1226640,00;26182,40
866;21.03.2020;44;8;12;29;19;2;0;0;0;0;25;543,93;534;10,00;1236830,00;29136,10
867;23.03.2020;46;28;30;25;33;2;0;0;0;0;19;620,01;402;10,00;1245340,00;24308,20
868;24.03.2020;11;20;42;9;5;36;0;0;0;0;23;435,03;337;10,00;1252540,00;20578,10
869;26.03.2020;40;47;45;31;32;46;0;0;0;0;7;1951,66;273;10,00;1261370,00;25217,90
870;28.03.2020;38;22;17;37;47;25;0;0;0;0;19;674,18;404;10,00;1270440,00;25922,50
871;30.03.2020;47;26;19;37;38;23;0;0;0;0;21;501,88;326;10,00;1277870,00;21230,20
872;31.03.2020;42;6;13;11;34;16;0;0;0;0;20;439,45;347;10,00;1284470,00;18860,20
873;02.04.2020;32;27;13;31;47;35;0;0;0;0;16;685,52;355;10,00;1292290,00;22336,00
874;04.04.2020;7;33;46;38;41;2;0;0;1;5901,07;25;236,04;387;10,00;1300730,00;24111,00
875;06.04.2020;7;36;43;49;46;24;0;0;0;0;17;621,37;241;10,00;1307720,00;19959,10
876;07.04.2020;9;10;46;39;6;41;0;0;0;0;12;803,86;230;10,00;1314150,00;18379,10
877;09.04.2020;2;27;35;25;9;5;0;0;0;0;22;458,64;390;10,00;1321680,00;21523,20
878;11.04.2020;19;47;11;33;35;1;0;0;1;5874,15;24;244,75;354;10,00;1329920,00;23520,50
879;13.04.2020;2;37;49;36;22;10;0;0;0;0;11;958,93;262;10,00;1337010,00;20258,90
880;14.04.2020;35;10;21;25;4;46;0;0;0;0;16;576,72;285;10,00;1343510,00;18580,90
881;16.04.2020;24;2;28;13;18;41;0;0;1;5546,92;22;252,13;413;10,00;1360650,00;25538,30
882;18.04.2020;46;14;17;42;16;37;0;0;0;0;24;557,07;323;10,00;1360650,00;25538,30
883;20.04.2020;20;46;27;30;45;6;0;0;0;0;17;620,97;296;10,00;1367920,00;20794,70
884;21.04.2020;22;16;5;44;38;39;0;0;0;0;10;936,06;308;10,00;1374620,00;19139,50
885;23.04.2020;5;8;37;42;14;40;0;0;0;0;16;729,6;315;10,00;1382600,00;22805,70
886;25.04.2020;48;33;44;41;39;34;0;0;0;0;10;1240,13;323;10,00;1391020,00;24048,30
887;27.04.2020;9;22;32;5;28;21;0;0;0;0;18;545,43;296;10,00;1397900,00;19658,20
888;28.04.2020;24;44;30;10;27;42;0;0;0;0;16;510,97;236;10,00;1403580,00;16208,50
889;30.04.2020;24;8;14;12;32;20;0;0;0;0;16;665,45;390;10,00;1411410,00;22380,50
890;02.05.2020;29;22;46;1;39;34;0;0;0;0;8;1432,4;235;10,00;1418840,00;21245,00
891;04.05.2020;9;20;14;44;42;25;0;0;0;0;21;477,72;273;10,00;1425720,00;19634,20
892;05.05.2020;23;49;38;35;17;22;0;0;0;0;15;634,52;245;10,00;1432160,00;18412,10
893;07.05.2020;48;41;35;4;46;3;0;0;0;0;7;1717,19;277;10,00;1440120,00;22754,40
894;09.05.2020;42;47;2;26;10;16;0;0;0;0;23;507,07;383;10,00;1448470,00;23835,10
895;11.05.2020;21;9;42;20;7;47;0;0;1;5058,43;10;505,84;315;10,00;1455610,00;20410,60
896;12.05.2020;23;26;27;20;4;14;0;0;0;0;18;513,61;288;10,00;1462140,00;18653,80
897;14.05.2020;15;29;20;2;47;6;0;0;1;6006,94;27;222,47;331;10,00;1479110,00;24905,60
898;16.05.2020;16;34;28;24;45;32;0;0;0;0;32;383,39;392;10,00;1479110,00;24905,60
899;18.05.2020;11;22;47;42;41;4;0;0;1;5402,02;10;540,2;290;10,00;1486490,00;21083,20
900;19.05.2020;2;35;48;44;36;13;0;0;0;0;13;781,6;274;10,00;1493430,00;19847,40
901;21.05.2020;18;20;11;32;21;42;0;0;0;0;17;718,77;363;10,00;1501970,00;24383,50
902;23.05.2020;20;44;43;22;8;14;0;0;1;6542,87;24;272,61;334;10,00;1510810,00;25270,40
903;25.05.2020;29;19;37;34;10;12;0;0;2;2716,83;16;339,6;376;10,00;1518690,00;22503,60
904;26.05.2020;49;10;20;28;48;19;0;0;0;0;12;894,85;223;10,00;1525670,00;19951,10
905;28.05.2020;48;20;22;37;30;44;0;0;0;0;14;902,87;296;10,00;1534070,00;24000,40
906;30.05.2020;41;39;17;44;30;10;0;0;0;0;28;423,11;387;10,00;1542540,00;24180,50
907;01.06.2020;43;16;19;23;10;17;0;0;0;0;19;556,12;350;10,00;1550110,00;21640,60
908;02.06.2020;12;28;41;45;21;33;0;0;1;4714,54;7;673,5;279;10,00;1556690,00;18798,60
909;04.06.2020;5;28;2;32;22;38;0;0;0;0;18;629,28;375;10,00;1564810,00;23195,60
910;06.06.2020;36;13;25;31;8;45;0;0;0;0;38;298,12;433;10,00;1573240,00;24090,50
911;08.06.2020;19;31;23;5;11;37;0;0;0;0;26;369,68;375;10,00;1580440,00;20556,50
912;09.06.2020;44;13;31;12;46;24;0;0;0;0;12;776,85;247;10,00;1586790,00;18142,00
913;11.06.2020;19;41;15;13;23;42;0;0;0;0;11;976,48;356;10,00;1594490,00;22002,00
914;13.06.2020;3;44;4;40;39;23;0;0;0;0;13;919,9;342;10,00;1602770,00;23659,60
915;15.06.2020;49;19;44;24;7;31;0;0;1;5000,94;17;294,17;384;10,00;1610220,00;21295,20
916;16.06.2020;24;41;36;21;7;5;0;0;0;0;15;620,55;305;10,00;1616880,00;19012,90
917;18.06.2020;41;11;29;7;47;13;0;0;2;2784,9;21;265,22;369;10,00;1624860,00;22814,80
918;20.06.2020;42;2;37;13;31;43;0;0;0;0;20;601,12;340;10,00;1633170,00;23726,80
919;22.06.2020;19;43;6;26;38;2;0;0;0;0;21;508,6;321;10,00;1640640,00;21370,40
920;23.06.2020;6;23;24;29;47;32;0;0;0;0;9;1061,54;270;10,00;1647240,00;18852,20
921;25.06.2020;27;15;1;24;30;32;0;0;0;0;13;865,46;344;10,00;1655150,00;22601,60
922;27.06.2020;35;27;20;28;41;13;0;0;1;5876,86;22;267,13;315;10,00;1663180,00;22928,80
923;29.06.2020;41;45;39;7;44;5;0;0;0;0;8;1269,37;314;10,00;1670340,00;20453,90
924;30.06.2020;9;36;2;35;47;17;0;0;0;0;21;461,29;252;10,00;1676910,00;18780,40
925;02.07.2020;33;38;37;16;13;18;0;0;0;0;32;345,78;402;10,00;1685030,00;23208,10
926;04.07.2020;41;45;37;44;12;29;0;0;0;0;14;792,37;247;10,00;1692340,00;20866,60
927;06.07.2020;34;23;46;4;45;18;0;0;2;2471,04;18;274,56;315;10,00;1699360,00;20052,60
928;07.07.2020;20;27;4;9;39;2;0;0;0;0;17;526,11;359;10,00;1706110,00;19283,10
929;09.07.2020;29;18;35;32;44;33;0;0;1;5917,06;19;311,42;314;10,00;1714170,00;23037,10
930;11.07.2020;48;44;6;21;1;31;0;0;1;6128,12;26;235,69;349;10,00;1722650,00;24225,00
931;13.07.2020;12;17;35;16;10;39;0;0;0;0;21;533,88;312;10,00;1730360,00;22048,70
932;14.07.2020;24;41;2;8;48;21;0;0;2;2436,74;10;487,34;281;10,00;1737130,00;19318,40
933;16.07.2020;12;34;38;47;45;48;0;0;1;6258,23;12;521,51;282;10,00;1745380,00;23594,60
934;18.07.2020;18;5;27;42;25;48;0;0;0;0;13;944,59;392;10,00;1754110,00;24922,70
935;20.07.2020;31;23;30;9;48;2;0;0;0;0;23;471,93;330;10,00;1761730,00;21776,30
936;21.07.2020;49;26;46;11;24;41;0;0;0;0;16;607,34;311;10,00;1768640,00;19734,50
937;23.07.2020;42;19;26;21;6;18;0;0;0;0;19;613,53;366;10,00;1776880,00;23564,90
938;25.07.2020;20;43;16;38;15;7;0;0;0;0;25;507,81;354;10,00;1785630,00;24977,40
939;27.07.2020;22;13;31;7;24;3;0;0;2;2219,8;44;100,9;475;10,00;1792970,00;20968,00
940;28.07.2020;6;43;4;46;49;24;0;0;1;4875,47;11;443,22;248;10,00;1799550,00;18816,80
941;30.07.2020;9;1;20;45;8;18;0;0;1;5488,48;20;274,42;366;10,00;1807430,00;22518,40
942;01.08.2020;8;11;14;26;37;3;0;0;2;2880,42;25;230,43;394;10,00;1815760,00;23787,20
943;03.08.2020;40;17;30;6;44;32;0;0;0;0;25;384,74;376;10,00;1822960,00;20582,70
944;04.08.2020;3;31;36;46;43;33;0;0;0;0;10;942,85;230;10,00;1829280,00;18043,90
945;06.08.2020;30;6;10;4;15;7;0;0;0;0;31;361,74;540;10,00;1838220,00;25559,90
946;08.08.2020;26;14;7;25;20;16;0;0;0;0;17;789,35;494;10,00;1848110,00;28244,60
947;10.08.2020;27;36;24;3;46;32;0;0;0;0;22;477,35;326;10,00;1855520,00;21172,10
948;11.08.2020;10;9;8;14;5;40;0;0;0;0;14;567,99;294;10,00;1861390,00;16756,90
949;13.08.2020;31;26;14;40;2;3;0;0;0;0;19;567,53;337;10,00;1869010,00;21774,00
950;15.08.2020;20;9;8;43;25;13;0;0;0;0;21;509,89;411;10,00;1876980,00;22796,60
951;17.08.2020;17;37;47;33;46;19;0;0;1;4593,86;24;191,41;339;10,00;1883760,00;19350,40
952;18.08.2020;49;7;31;43;10;16;0;0;0;0;18;489,1;313;10,00;1890180,00;18359,70
953;20.08.2020;37;46;5;32;42;45;0;0;0;0;7;1886,67;291;10,00;1898860,00;24795,00
954;22.08.2020;24;15;35;26;39;8;0;0;1;6120,44;19;322,12;407;10,00;1907640,00;25093,70
955;24.08.2020;35;23;19;25;45;4;0;0;0;0;18;594,55;334;10,00;1915210,00;21603,00
